user_id, o, c, e, a, n, cpb-i, cpb-o, dis_ocean, dis_os, email_ratio, cnt_send, cnt_s_size, cnt_s_attach, cnt_s_days
CEL0561,40.0,39.0,36.0,19.0,40.0,-7.81,-20.47,277.050251621,186.0,29.0,888648.0,28.0,24.0,
JFC0557,22.0,16.0,23.0,40.0,33.0,-12.69,-16.19,272.793771872,190.0,30.0,938986.0,32.0,25.0,
ASD0577,40.0,48.0,36.0,14.0,37.0,-7.82,-23.79,117.447995726,70.0,3.0,93884.0,0.0,3.0,
MAR0955,36.0,44.0,23.0,44.0,25.0,-25.01,-37.41,37.148351242,30.0,2.0,54980.0,0.0,2.0,
GRM0868,21.0,25.0,20.0,13.0,28.0,-4.17,-10.82,254.267839113,186.0,187.0,5507747.0,0.0,101.0,
AAL0706,37.0,14.0,28.0,13.0,25.0,-5.93,-12.35,94.1352767868,62.0,7.0,206833.0,3.0,7.0,
RVC0232,34.0,20.0,47.0,38.0,25.0,-11.99,-26.77,250.519983497,144.0,9.0,274683.0,7.0,9.0,
TCD0009,44.0,28.0,44.0,38.0,23.0,-17.5,-33.37,388.061546184,224.0,15.0,400423.0,4.0,15.0,
ASM0575,42.0,25.0,21.0,45.0,30.0,-23.5,-28.37,0.0,0.0,0.0,0.0,0.0,0.0,
JLM0364,35.0,22.0,15.0,25.0,37.0,-12.14,-13.09,302.74196192,222.0,63.0,1895352.0,27.0,47.0,
FOB0756,42.0,41.0,34.0,20.0,27.0,-12.78,-28.13,135.67245515,94.0,32.0,1029980.0,39.0,32.0,
GCG0951,33.0,33.0,25.0,19.0,44.0,-6.54,-12.88,92.617794394,62.0,10.0,292883.0,9.0,10.0,
AAV0450,44.0,24.0,36.0,41.0,33.0,-17.75,-27.18,92.8665040313,76.0,5.0,128810.0,6.0,5.0,
CJV0286,18.0,14.0,17.0,13.0,26.0,-2.74,-5.81,190.38498296,120.0,44.0,1381433.0,46.0,42.0,
TDG0962,42.0,40.0,36.0,26.0,21.0,-16.14,-33.21,75.3520148774,82.0,6.0,183435.0,10.0,6.0,
SVL0803,27.0,35.0,20.0,36.0,32.0,-16.5,-24.27,209.821470039,144.0,9.0,304925.0,2.0,8.0,
MDM0625,18.0,42.0,36.0,27.0,24.0,-8.97,-27.09,578.183467763,446.0,210.0,6298100.0,67.0,109.0,
GMF0738,30.0,40.0,45.0,20.0,18.0,-8.43,-30.24,481.182844037,348.0,229.0,7094174.0,0.0,115.0,
BER0314,23.0,20.0,18.0,19.0,32.0,-6.09,-9.46,269.167181003,220.0,146.0,4366938.0,27.0,95.0,
AMR0400,19.0,16.0,47.0,28.0,28.0,-1.83,-15.75,234.778727286,132.0,8.0,241491.0,0.0,8.0,
YCE0983,39.0,21.0,42.0,30.0,36.0,-8.82,-19.41,200.050118654,128.0,7.0,202073.0,11.0,7.0,
BJW0619,30.0,43.0,47.0,21.0,39.0,-3.8,-22.34,483.26668021,274.0,155.0,4568372.0,56.0,94.0,
TYB0779,24.0,20.0,35.0,36.0,34.0,-8.97,-17.78,112.566021854,78.0,21.0,634488.0,28.0,21.0,
MAS0025,23.0,14.0,20.0,21.0,23.0,-7.65,-12.11,300.493271819,152.0,9.0,246243.0,0.0,8.0,
KBL0260,16.0,15.0,48.0,16.0,32.0,5.6,-7.88,46.6497167085,60.0,111.0,3291725.0,0.0,74.0,
GHL0460,21.0,37.0,24.0,17.0,35.0,-5.13,-14.93,70.7752372585,62.0,4.0,124972.0,9.0,4.0,
FMG0527,43.0,38.0,35.0,38.0,28.0,-19.85,-34.09,232.305646747,210.0,68.0,1996400.0,70.0,54.0,
HCL0651,21.0,19.0,44.0,36.0,33.0,-5.9,-18.14,135.427223572,92.0,25.0,776208.0,24.0,23.0,
SCP0130,42.0,18.0,35.0,32.0,24.0,-14.73,-24.46,118.954152514,106.0,51.0,1556177.0,57.0,46.0,
CMW0783,21.0,35.0,14.0,16.0,26.0,-9.04,-16.67,140.245482978,102.0,14.0,430008.0,0.0,12.0,
RKF0164,40.0,42.0,17.0,18.0,42.0,-12.13,-18.16,141.529241034,72.0,4.0,134479.0,3.0,4.0,
DOL0332,32.0,40.0,41.0,18.0,24.0,-7.73,-26.62,108.087518532,116.0,5.0,162464.0,6.0,5.0,
RSC0089,41.0,26.0,35.0,21.0,29.0,-9.78,-20.87,179.95513245,172.0,166.0,4780411.0,115.0,96.0,
CCM0136,16.0,16.0,39.0,40.0,29.0,-7.85,-18.49,130.396354081,90.0,23.0,730088.0,20.0,23.0,
NCH0179,17.0,12.0,40.0,17.0,25.0,1.67,-9.55,367.851295512,184.0,9.0,289868.0,9.0,9.0,
NBH0256,41.0,43.0,14.0,21.0,22.0,-19.43,-29.12,223.848045415,192.0,145.0,4483828.0,117.0,88.0,
ORG0339,50.0,28.0,46.0,47.0,20.0,-23.39,-40.21,168.774061299,76.0,5.0,148322.0,3.0,4.0,
FRR0832,43.0,40.0,25.0,19.0,30.0,-14.02,-25.04,60.3110306986,46.0,8.0,262199.0,9.0,8.0,
MSD0939,24.0,37.0,15.0,42.0,31.0,-19.99,-26.73,314.335619427,206.0,145.0,4500428.0,41.0,101.0,
OQH0183,34.0,38.0,18.0,33.0,23.0,-20.45,-30.1,173.663096409,120.0,6.0,194343.0,0.0,6.0,
BSH0445,38.0,22.0,30.0,15.0,21.0,-8.83,-19.06,117.809695578,78.0,29.0,863879.0,15.0,24.0,
KSP0357,41.0,40.0,29.0,19.0,24.0,-13.86,-27.84,233.113311261,154.0,64.0,1846306.0,27.0,48.0,
NGO0690,43.0,41.0,41.0,17.0,24.0,-10.76,-29.4,438.363186701,300.0,135.0,4220680.0,77.0,94.0,
VCC0396,21.0,45.0,16.0,37.0,23.0,-19.89,-31.33,235.220704992,180.0,10.0,295145.0,9.0,9.0,
WDD0366,43.0,42.0,17.0,19.0,28.0,-16.82,-25.9,283.406251927,170.0,39.0,1252451.0,33.0,33.0,
KPP0452,44.0,46.0,44.0,16.0,19.0,-11.88,-34.15,67.2659291505,60.0,3.0,75370.0,3.0,3.0,
RTO0313,44.0,45.0,25.0,17.0,27.0,-14.98,-28.08,365.388836569,264.0,146.0,4412452.0,135.0,97.0,
ABM0845,45.0,21.0,35.0,50.0,29.0,-22.65,-31.56,43.9890530344,54.0,7.0,229751.0,14.0,7.0,
VIA0063,40.0,34.0,19.0,50.0,33.0,-26.27,-32.23,353.405896192,240.0,107.0,3246156.0,37.0,76.0,
CCW0031,33.0,47.0,30.0,39.0,33.0,-18.77,-33.01,337.159519852,200.0,11.0,276909.0,4.0,11.0,
IYB0918,17.0,21.0,42.0,14.0,30.0,3.22,-10.17,206.09248788,104.0,7.0,210442.0,1.0,7.0,
ORM0669,44.0,39.0,28.0,39.0,36.0,-20.57,-30.59,178.200115784,150.0,116.0,3473568.0,100.0,83.0,
MJB0588,39.0,24.0,15.0,47.0,38.0,-22.88,-23.52,83.241872473,74.0,4.0,101035.0,3.0,4.0,
ALB0892,25.0,19.0,44.0,22.0,30.0,-1.8,-14.81,300.391786744,216.0,74.0,2219972.0,21.0,60.0,
LIM0674,18.0,13.0,35.0,49.0,20.0,-15.0,-25.11,314.141178133,134.0,95.0,2926648.0,77.0,76.0,
LHN0151,13.0,15.0,19.0,32.0,26.0,-9.07,-13.03,117.426240403,64.0,4.0,130411.0,7.0,4.0,
WTR0563,47.0,45.0,46.0,15.0,31.0,-8.81,-28.65,359.333196015,198.0,26.0,852782.0,0.0,23.0,
MKS0204,21.0,30.0,21.0,16.0,31.0,-5.29,-12.96,306.827194071,178.0,14.0,384002.0,0.0,12.0,
AAW0353,49.0,45.0,19.0,25.0,34.0,-19.74,-28.6,185.009966491,136.0,9.0,222816.0,0.0,9.0,
WJD0576,40.0,20.0,23.0,38.0,26.0,-19.55,-24.92,13.6014705087,30.0,2.0,78273.0,0.0,2.0,
ILH0958,28.0,17.0,20.0,19.0,24.0,-8.53,-13.39,61.2827616484,46.0,7.0,224916.0,3.0,7.0,
TLK0993,41.0,36.0,40.0,35.0,22.0,-17.83,-34.9,175.235463103,110.0,206.0,6172098.0,0.0,123.0,
WAB0143,43.0,43.0,24.0,22.0,33.0,-15.32,-26.06,245.844678487,138.0,8.0,256678.0,0.0,8.0,
RAG0275,23.0,38.0,35.0,41.0,32.0,-14.18,-28.44,216.645958423,124.0,8.0,261174.0,7.0,8.0,
LQC0479,27.0,38.0,34.0,17.0,36.0,-4.35,-17.6,444.545964258,334.0,60.0,1763655.0,0.0,51.0,
KWC0004,23.0,38.0,39.0,20.0,27.0,-5.35,-22.66,422.482313916,308.0,20.0,580758.0,2.0,19.0,
CJK0200,40.0,29.0,24.0,38.0,31.0,-19.54,-26.65,199.686635799,130.0,8.0,201802.0,0.0,8.0,
FEB0306,40.0,42.0,26.0,25.0,31.0,-15.53,-27.28,62.3703480495,106.0,21.0,631216.0,17.0,21.0,
IJM0776,41.0,35.0,19.0,41.0,32.0,-23.1,-29.7,47.3039346457,40.0,2.0,67351.0,1.0,2.0,
NKH0807,45.0,44.0,40.0,22.0,20.0,-15.2,-35.03,244.844466815,180.0,155.0,4822638.0,83.0,103.0,
JMC0925,33.0,10.0,23.0,19.0,31.0,-6.48,-8.63,349.413629203,196.0,11.0,363995.0,11.0,11.0,
SBH0537,34.0,21.0,14.0,13.0,33.0,-7.73,-9.24,422.946672594,262.0,32.0,947517.0,25.0,27.0,
JJB0700,15.0,19.0,39.0,37.0,28.0,-6.98,-18.8,114.625893079,62.0,7.0,201141.0,16.0,7.0,
AIS0405,40.0,45.0,14.0,37.0,35.0,-23.21,-30.2,116.060414082,104.0,6.0,174750.0,2.0,6.0,
HAH0760,34.0,17.0,22.0,37.0,30.0,-16.13,-19.69,157.089655748,122.0,23.0,678286.0,23.0,22.0,
AHD0848,24.0,30.0,49.0,16.0,30.0,0.57,-17.54,45.5960524607,30.0,4.0,83477.0,13.0,4.0,
LDM0587,49.0,20.0,23.0,21.0,26.0,-14.94,-20.2,54.037939287,46.0,2.0,56081.0,0.0,2.0,
AJN0607,45.0,42.0,16.0,47.0,23.0,-30.91,-40.11,613.575470981,330.0,150.0,4469340.0,146.0,93.0,
EIS0041,41.0,44.0,17.0,48.0,30.0,-28.53,-37.23,344.084926029,274.0,304.0,8792892.0,244.0,124.0,
MLG0475,45.0,16.0,18.0,19.0,25.0,-13.73,-16.49,68.2014964143,60.0,4.0,161060.0,1.0,4.0,
EPW0434,32.0,36.0,38.0,22.0,33.0,-7.4,-21.91,48.8335999788,46.0,13.0,435295.0,9.0,11.0,
JAM0382,25.0,23.0,41.0,17.0,23.0,-2.72,-17.45,257.8460091,136.0,9.0,258149.0,2.0,9.0,
NCK0295,31.0,30.0,38.0,36.0,34.0,-11.92,-24.29,105.712015185,106.0,17.0,479983.0,0.0,17.0,
LJT0817,39.0,43.0,38.0,39.0,24.0,-20.09,-37.94,291.406743104,204.0,149.0,4494228.0,167.0,97.0,
CAM0102,31.0,44.0,19.0,15.0,27.0,-11.56,-22.85,104.887131147,72.0,3.0,69674.0,0.0,3.0,
SOG0411,26.0,19.0,21.0,24.0,23.0,-10.39,-16.41,309.539340351,210.0,77.0,2290926.0,62.0,61.0,
KSH0569,15.0,39.0,23.0,14.0,22.0,-5.73,-19.07,206.177087421,118.0,23.0,685182.0,36.0,19.0,
BDI0533,37.0,36.0,15.0,41.0,19.0,-26.18,-34.77,219.712181413,190.0,73.0,2217395.0,72.0,58.0,
PMJ0564,30.0,21.0,40.0,14.0,39.0,0.98,-8.95,300.154908444,142.0,38.0,1265095.0,41.0,29.0,
HGG0240,20.0,26.0,24.0,36.0,31.0,-12.2,-19.51,274.92380137,188.0,101.0,2981918.0,81.0,68.0,
MGS0974,17.0,39.0,39.0,40.0,27.0,-12.31,-29.8,159.079138745,88.0,6.0,190129.0,4.0,6.0,
DHM0937,43.0,22.0,21.0,15.0,24.0,-11.86,-17.82,180.223392492,134.0,94.0,2968013.0,45.0,73.0,
ENC0234,21.0,23.0,32.0,19.0,23.0,-4.63,-16.19,258.133665832,180.0,13.0,484989.0,1.0,13.0,
CEB0210,42.0,24.0,44.0,23.0,34.0,-7.17,-19.79,325.884060436,204.0,13.0,409545.0,5.0,12.0,
YJV0699,17.0,25.0,30.0,13.0,31.0,0.25,-9.61,19.0787840283,30.0,1.0,24428.0,0.0,1.0,
BMT0528,33.0,25.0,39.0,25.0,30.0,-7.7,-20.08,176.059102732,182.0,59.0,1901275.0,68.0,52.0,
CJC0494,40.0,39.0,39.0,42.0,42.0,-16.47,-29.32,494.124794482,338.0,97.0,2934832.0,60.0,72.0,
SOB0360,42.0,22.0,40.0,16.0,32.0,-5.32,-16.5,277.053825076,170.0,51.0,1539695.0,0.0,40.0,
GCS0571,22.0,18.0,16.0,23.0,32.0,-7.69,-9.73,42.5038969609,46.0,2.0,52893.0,0.0,2.0,
BJP0134,42.0,17.0,44.0,21.0,39.0,-3.99,-13.54,144.488622068,118.0,13.0,358079.0,9.0,13.0,
KBP0008,23.0,18.0,40.0,11.0,34.0,3.65,-7.0,394.700206548,180.0,12.0,394904.0,7.0,11.0,
FLM0213,20.0,41.0,46.0,15.0,24.0,-1.75,-23.43,276.345988415,140.0,9.0,264929.0,4.0,9.0,
RRP0568,43.0,50.0,38.0,18.0,33.0,-11.22,-29.18,195.503940143,118.0,22.0,737700.0,29.0,18.0,
MCF0600,39.0,49.0,13.0,26.0,27.0,-20.99,-30.84,67.5722368598,46.0,2.0,44176.0,0.0,2.0,
SAA0999,20.0,17.0,34.0,11.0,36.0,3.69,-4.15,353.833617654,196.0,153.0,4479797.0,177.0,94.0,
THR0873,37.0,44.0,21.0,40.0,38.0,-20.97,-29.67,376.03147978,326.0,187.0,5480926.0,176.0,111.0,
KRM0541,40.0,20.0,38.0,36.0,23.0,-15.66,-27.31,227.789516529,156.0,146.0,4411203.0,31.0,91.0,
KSP0966,42.0,36.0,19.0,24.0,35.0,-15.53,-22.01,39.8497176903,30.0,6.0,183266.0,0.0,6.0,
LOF0311,41.0,15.0,36.0,10.0,32.0,-2.32,-10.23,428.973139203,272.0,173.0,5026074.0,108.0,111.0,
MBR0724,33.0,44.0,18.0,35.0,31.0,-20.05,-29.55,20.8566536146,30.0,10.0,273141.0,0.0,10.0,
FSC0601,37.0,30.0,37.0,15.0,30.0,-5.9,-18.94,318.711846541,234.0,133.0,3939083.0,33.0,86.0,
MLP0668,40.0,17.0,16.0,43.0,33.0,-21.29,-21.52,343.832460295,182.0,124.0,3581659.0,148.0,91.0,
CUD0795,12.0,40.0,30.0,44.0,24.0,-15.66,-30.96,385.809540643,192.0,12.0,377614.0,9.0,12.0,
AKR0057,50.0,41.0,20.0,18.0,30.0,-17.1,-26.22,408.817419994,216.0,13.0,345061.0,10.0,13.0,
GZC0735,44.0,16.0,15.0,27.0,25.0,-17.62,-19.16,590.782219839,372.0,278.0,8268845.0,272.0,133.0,
HLH0512,15.0,42.0,36.0,22.0,32.0,-4.0,-20.53,338.870037389,230.0,96.0,2834080.0,74.0,81.0,
NJB0243,23.0,35.0,37.0,24.0,34.0,-5.41,-19.45,282.813557465,218.0,110.0,3310143.0,29.0,82.0,
GCS0518,41.0,36.0,23.0,38.0,21.0,-23.61,-34.56,159.506434049,166.0,60.0,1942819.0,0.0,54.0,
NMC0486,42.0,10.0,23.0,21.0,27.0,-11.0,-13.58,505.583334037,310.0,70.0,1925811.0,0.0,61.0,
KMB0922,43.0,43.0,17.0,24.0,27.0,-19.37,-28.86,146.965333195,120.0,7.0,166951.0,4.0,6.0,
CFM0767,46.0,23.0,22.0,35.0,29.0,-20.07,-24.98,42.4468175075,46.0,14.0,524124.0,3.0,14.0,
HAD0246,44.0,39.0,32.0,45.0,38.0,-21.67,-32.59,332.396971907,214.0,186.0,5393375.0,208.0,134.0,
ANP0555,13.0,40.0,42.0,23.0,28.0,-2.97,-22.16,316.057189704,204.0,166.0,5204952.0,0.0,101.0,
LBF0214,18.0,44.0,18.0,38.0,28.0,-17.56,-28.44,594.590831087,328.0,22.0,619617.0,7.0,22.0,
DJB0159,20.0,37.0,27.0,38.0,37.0,-12.63,-22.71,302.985029793,208.0,10.0,302423.0,10.0,9.0,
BWP0202,20.0,36.0,15.0,25.0,28.0,-12.04,-19.73,214.811062064,130.0,8.0,254069.0,9.0,8.0,
FFC0891,38.0,10.0,39.0,50.0,39.0,-15.39,-20.75,354.382426551,242.0,47.0,1436350.0,49.0,42.0,
AJR0932,46.0,30.0,35.0,12.0,29.0,-8.05,-20.19,283.074439357,178.0,108.0,3297666.0,0.0,91.0,
CQH0730,21.0,18.0,37.0,49.0,27.0,-14.52,-25.01,710.288798214,440.0,278.0,8259011.0,97.0,129.0,
JCR0289,32.0,43.0,33.0,33.0,29.0,-15.46,-30.78,98.1273407421,106.0,21.0,640281.0,11.0,21.0,
AES0827,39.0,40.0,34.0,38.0,23.0,-20.42,-36.2,105.199889168,78.0,5.0,162390.0,0.0,5.0,
SLP0762,26.0,13.0,40.0,18.0,26.0,-1.38,-12.18,91.9114117173,70.0,17.0,532753.0,23.0,16.0,
CLD0894,19.0,21.0,50.0,16.0,36.0,5.2,-9.63,257.954037991,206.0,53.0,1489656.0,0.0,47.0,
LCD0622,30.0,26.0,13.0,14.0,26.0,-9.69,-14.02,366.835726661,242.0,165.0,5204249.0,0.0,102.0,
CMB0912,46.0,43.0,16.0,22.0,31.0,-18.7,-26.79,531.999501875,282.0,140.0,4109176.0,114.0,106.0,
ZKS0899,47.0,20.0,42.0,43.0,30.0,-18.09,-29.12,188.597500662,190.0,53.0,1656936.0,8.0,42.0,
JCV0245,40.0,44.0,22.0,20.0,27.0,-15.66,-27.51,174.499666339,158.0,102.0,3069340.0,16.0,74.0,
AMH0794,43.0,42.0,33.0,40.0,31.0,-21.13,-35.02,272.26335808,176.0,11.0,266924.0,11.0,11.0,
FKB0163,39.0,35.0,25.0,39.0,22.0,-22.54,-33.8,152.198663899,112.0,7.0,215216.0,2.0,7.0,
AKC0924,40.0,44.0,35.0,37.0,27.0,-19.72,-36.04,130.318728229,96.0,8.0,208354.0,5.0,8.0,
ILR0304,20.0,22.0,18.0,46.0,30.0,-17.6,-21.6,215.470366492,138.0,20.0,603717.0,4.0,20.0,
AJF0370,37.0,33.0,11.0,15.0,36.0,-11.44,-14.32,336.821374603,218.0,45.0,1316612.0,34.0,38.0,
OKC0107,32.0,40.0,16.0,47.0,35.0,-23.81,-30.34,227.8882283,204.0,115.0,3548429.0,81.0,92.0,
OCS0865,29.0,24.0,43.0,35.0,32.0,-9.16,-22.28,481.65020261,362.0,163.0,5021177.0,150.0,100.0,
UJC0737,16.0,12.0,12.0,38.0,25.0,-14.06,-14.55,514.380156044,280.0,196.0,5927409.0,136.0,96.0,
MCF0327,39.0,41.0,24.0,44.0,25.0,-25.18,-36.96,282.143912372,180.0,203.0,5898143.0,0.0,119.0,
SGS0268,47.0,45.0,30.0,19.0,22.0,-16.69,-32.6,240.067614013,144.0,7.0,193619.0,2.0,7.0,
BNG0237,39.0,36.0,36.0,47.0,27.0,-22.19,-36.49,449.709069108,276.0,129.0,3700960.0,174.0,88.0,
OSH0655,16.0,21.0,42.0,39.0,28.0,-7.71,-21.11,237.717608392,152.0,39.0,1139837.0,23.0,35.0,
CSB0080,35.0,19.0,39.0,34.0,36.0,-9.77,-18.81,222.427160212,174.0,119.0,3416233.0,0.0,83.0,
ERH0449,44.0,15.0,35.0,17.0,25.0,-8.16,-17.02,99.4336235969,92.0,6.0,147048.0,0.0,6.0,
EGK0893,21.0,30.0,11.0,47.0,27.0,-22.08,-26.35,193.401553786,150.0,45.0,1343092.0,4.0,38.0,
MMB0488,21.0,18.0,16.0,24.0,27.0,-9.02,-12.24,401.032963491,318.0,74.0,2294352.0,40.0,57.0,
AAM0658,43.0,35.0,37.0,36.0,22.0,-19.45,-35.01,87.4213001983,92.0,29.0,917358.0,24.0,28.0,
ESA0642,32.0,14.0,44.0,30.0,32.0,-6.06,-16.7,188.83926743,148.0,26.0,805371.0,0.0,24.0,
CRK0916,32.0,46.0,26.0,19.0,32.0,-10.95,-24.11,29.4278779391,16.0,1.0,20534.0,0.0,1.0,
BBH0810,40.0,25.0,10.0,21.0,32.0,-14.85,-15.77,276.818119798,188.0,142.0,4350522.0,0.0,86.0,
JRF0835,44.0,33.0,18.0,37.0,18.0,-25.57,-34.39,62.2475001437,62.0,7.0,206816.0,2.0,7.0,
SJC0333,22.0,39.0,31.0,36.0,29.0,-13.61,-27.51,116.936572525,88.0,5.0,158031.0,0.0,5.0,
HCS0003,35.0,28.0,14.0,15.0,30.0,-10.73,-14.8,475.492801017,258.0,17.0,511373.0,6.0,17.0,
EMB0531,31.0,41.0,31.0,36.0,36.0,-14.95,-27.35,200.576125078,182.0,54.0,1654792.0,59.0,44.0,
JIM0095,10.0,18.0,21.0,15.0,35.0,1.32,-2.64,432.387039755,200.0,12.0,410689.0,3.0,12.0,
KJS0618,19.0,15.0,20.0,10.0,37.0,1.48,-0.46,628.219080835,338.0,182.0,5414735.0,126.0,104.0,
EBC0390,40.0,40.0,40.0,22.0,33.0,-9.94,-25.91,354.398674753,196.0,11.0,361695.0,0.0,11.0,
WGS0516,11.0,20.0,39.0,20.0,29.0,1.61,-10.8,170.575811297,174.0,55.0,1515757.0,0.0,50.0,
NGF0157,45.0,38.0,22.0,46.0,32.0,-26.18,-34.43,170.486910271,112.0,7.0,231300.0,0.0,6.0,
KAT0489,22.0,41.0,36.0,23.0,26.0,-7.81,-25.07,306.817830391,202.0,54.0,1466230.0,47.0,47.0,
CCH0685,47.0,24.0,42.0,34.0,29.0,-15.1,-27.66,292.121831794,208.0,143.0,4212747.0,150.0,94.0,
DMM0623,36.0,27.0,21.0,39.0,30.0,-19.44,-25.29,512.920424256,486.0,156.0,4630425.0,181.0,102.0,
SAH0599,13.0,22.0,44.0,18.0,22.0,1.12,-15.25,0.0,0.0,0.0,0.0,0.0,0.0,
CPG0322,17.0,13.0,19.0,24.0,36.0,-4.11,-5.17,627.526463711,372.0,163.0,4732910.0,139.0,112.0,
OBH0499,35.0,18.0,41.0,16.0,34.0,-1.85,-12.17,259.671084846,134.0,60.0,1805068.0,39.0,49.0,
SNS0129,26.0,10.0,43.0,35.0,30.0,-6.5,-16.31,254.595380249,122.0,8.0,245966.0,8.0,8.0,
PKB0429,34.0,42.0,43.0,40.0,22.0,-18.09,-38.2,131.419508724,90.0,20.0,679727.0,19.0,18.0,
NAH0503,33.0,17.0,23.0,35.0,38.0,-12.8,-14.98,322.295799774,202.0,55.0,1697910.0,47.0,43.0,
FRB0023,45.0,14.0,12.0,14.0,14.0,-15.4,-18.01,105.088573728,48.0,3.0,75126.0,3.0,3.0,
CWB0065,50.0,33.0,14.0,20.0,23.0,-19.86,-26.09,215.793437147,142.0,7.0,196730.0,1.0,7.0,
ATP0662,17.0,16.0,41.0,20.0,39.0,3.35,-6.08,451.847323094,280.0,140.0,4181179.0,144.0,99.0,
DPM0423,37.0,38.0,38.0,15.0,27.0,-7.65,-23.99,367.39599243,242.0,73.0,2299707.0,66.0,62.0,
WKF0012,37.0,44.0,20.0,45.0,23.0,-26.97,-38.65,412.270288622,226.0,18.0,423330.0,9.0,18.0,
AKF0709,42.0,31.0,29.0,22.0,32.0,-12.09,-21.6,11.401754251,30.0,5.0,144184.0,0.0,5.0,
JMH0543,44.0,25.0,37.0,13.0,34.0,-5.38,-15.79,267.396321793,172.0,206.0,5993674.0,59.0,116.0,
CJF0802,36.0,39.0,38.0,43.0,21.0,-20.99,-38.48,344.025289875,180.0,12.0,327373.0,13.0,12.0,
IRM0931,44.0,46.0,33.0,35.0,30.0,-20.16,-35.45,369.674431648,262.0,149.0,4551401.0,154.0,112.0,
FQA0854,41.0,38.0,30.0,34.0,26.0,-19.26,-32.29,198.736045793,190.0,161.0,5037221.0,146.0,98.0,
GRC0145,30.0,43.0,24.0,46.0,27.0,-23.18,-35.47,325.708517959,192.0,13.0,400756.0,22.0,13.0,
BLS0678,35.0,17.0,43.0,28.0,31.0,-7.07,-18.3,217.267078716,126.0,93.0,2798121.0,94.0,69.0,
HJB0742,41.0,40.0,16.0,21.0,30.0,-16.53,-24.28,341.332792582,316.0,200.0,6228662.0,139.0,102.0,
KKS0119,15.0,28.0,39.0,33.0,27.0,-6.94,-21.59,234.395314965,152.0,9.0,259521.0,28.0,9.0,
RAB0589,36.0,35.0,26.0,14.0,31.0,-8.48,-18.69,34.3802268753,30.0,2.0,47238.0,2.0,2.0,
DBB0384,40.0,41.0,28.0,37.0,27.0,-20.99,-33.88,348.461123503,268.0,16.0,482566.0,5.0,15.0,
TRK0914,40.0,19.0,14.0,33.0,30.0,-18.53,-19.47,389.888586398,216.0,15.0,536826.0,11.0,15.0,
BSA0431,50.0,41.0,19.0,40.0,29.0,-27.05,-35.59,159.696122365,138.0,22.0,623520.0,6.0,20.0,
RHL0992,36.0,10.0,39.0,37.0,36.0,-9.92,-16.33,160.367119365,80.0,5.0,128211.0,2.0,5.0,
CIM0926,31.0,25.0,41.0,17.0,31.0,-2.92,-16.07,170.055176731,108.0,7.0,201423.0,0.0,6.0,
CFG0959,42.0,21.0,24.0,17.0,20.0,-12.47,-20.19,34.4963766213,30.0,4.0,113921.0,4.0,4.0,
VMJ0147,23.0,28.0,37.0,22.0,24.0,-5.83,-20.25,280.192379667,160.0,12.0,368120.0,11.0,11.0,
SAT0194,14.0,19.0,36.0,23.0,35.0,0.27,-9.16,342.830850286,176.0,12.0,372024.0,10.0,11.0,
HBO0413,41.0,35.0,18.0,15.0,18.0,-15.53,-25.5,378.87523282,214.0,52.0,1563471.0,0.0,46.0,
DZC0228,37.0,37.0,34.0,21.0,38.0,-8.43,-20.36,260.913121909,204.0,10.0,281812.0,1.0,9.0,
TEB0251,44.0,50.0,22.0,13.0,36.0,-12.65,-24.05,218.400731699,138.0,95.0,2857665.0,77.0,72.0,
MNR0829,41.0,33.0,40.0,15.0,23.0,-8.51,-24.91,35.9165699921,30.0,4.0,96977.0,0.0,4.0,
DOP0562,42.0,16.0,37.0,39.0,31.0,-15.24,-23.4,289.09547341,186.0,22.0,648571.0,8.0,19.0,
UAD0771,46.0,34.0,15.0,30.0,31.0,-20.95,-25.99,12.8062484749,30.0,13.0,366244.0,17.0,12.0,
ALD0544,16.0,18.0,18.0,13.0,32.0,-1.09,-4.37,516.867526175,288.0,141.0,4198419.0,134.0,95.0,
LCB0664,16.0,19.0,36.0,24.0,32.0,-1.48,-11.48,545.513364466,380.0,196.0,5851279.0,120.0,107.0,
HCL0113,43.0,22.0,40.0,39.0,34.0,-15.03,-25.24,250.805080386,176.0,118.0,3746670.0,65.0,89.0,
TSB0437,26.0,23.0,16.0,30.0,26.0,-14.14,-18.62,25.0,30.0,6.0,223682.0,2.0,5.0,
EZH0736,44.0,41.0,37.0,19.0,31.0,-11.24,-26.7,400.476274755,352.0,263.0,7828749.0,94.0,113.0,
JCG0316,47.0,36.0,32.0,25.0,33.0,-14.69,-26.17,352.660430514,292.0,134.0,4077609.0,136.0,90.0,
MSG0839,42.0,46.0,19.0,39.0,29.0,-25.02,-35.38,40.6611841699,46.0,7.0,238073.0,5.0,7.0,
LJJ0905,43.0,36.0,12.0,22.0,30.0,-17.92,-22.95,287.1758488,196.0,50.0,1472170.0,49.0,46.0,
HCM0267,36.0,45.0,39.0,20.0,32.0,-9.17,-26.64,288.470754987,200.0,245.0,7323067.0,259.0,141.0,
MTB0620,38.0,44.0,41.0,50.0,28.0,-22.97,-41.12,579.422247265,350.0,150.0,4441064.0,140.0,92.0,
CCH0182,42.0,44.0,47.0,23.0,29.0,-10.82,-31.3,67.4275976935,32.0,2.0,51467.0,1.0,2.0,
CAM0681,41.0,43.0,45.0,10.0,28.0,-5.51,-25.51,541.564798287,340.0,144.0,4314036.0,120.0,93.0,
LBH0942,40.0,42.0,23.0,30.0,29.0,-18.91,-29.91,347.272593305,278.0,192.0,5737649.0,68.0,140.0,
CAB0388,37.0,33.0,23.0,40.0,36.0,-19.19,-26.01,156.958913823,136.0,11.0,250663.0,5.0,10.0,
WGR0833,38.0,46.0,24.0,38.0,42.0,-19.02,-28.46,61.0838335137,46.0,3.0,113667.0,0.0,3.0,
GQF0659,40.0,16.0,30.0,29.0,28.0,-12.81,-19.37,141.91923141,100.0,27.0,738472.0,14.0,26.0,
CSP0197,37.0,44.0,17.0,13.0,26.0,-13.24,-23.76,338.330098104,178.0,12.0,399647.0,11.0,12.0,
OMM0944,17.0,14.0,27.0,21.0,29.0,-2.66,-8.63,59.4352458767,46.0,7.0,210946.0,0.0,7.0,
IMP0530,40.0,17.0,42.0,50.0,32.0,-18.04,-27.98,248.469284304,190.0,66.0,2033316.0,42.0,52.0,
ORB0473,38.0,44.0,46.0,38.0,38.0,-14.16,-32.1,69.881958121,58.0,3.0,64752.0,0.0,3.0,
JML0909,24.0,32.0,39.0,40.0,21.0,-14.73,-31.29,298.997319736,242.0,56.0,1623611.0,47.0,47.0,
NDM0417,44.0,36.0,50.0,12.0,34.0,-3.46,-21.78,209.620969594,126.0,78.0,2431619.0,119.0,59.0,
FRL0511,20.0,30.0,47.0,20.0,30.0,-0.45,-17.94,315.433616865,250.0,57.0,1711121.0,80.0,47.0,
LAP0338,42.0,23.0,33.0,45.0,31.0,-19.94,-28.46,131.229444539,72.0,4.0,108708.0,15.0,4.0,
HCV0478,46.0,36.0,18.0,12.0,24.0,-14.46,-23.14,204.982378332,138.0,52.0,1478947.0,58.0,41.0,
KJA0152,16.0,16.0,39.0,38.0,34.0,-5.79,-15.32,264.600179269,128.0,9.0,267182.0,0.0,9.0,
ECF0828,40.0,49.0,39.0,40.0,35.0,-18.89,-36.19,78.0222304448,62.0,8.0,215195.0,0.0,8.0,
BSS0463,32.0,40.0,40.0,38.0,28.0,-15.62,-32.82,96.7710789522,100.0,6.0,181793.0,6.0,6.0,
JJM0203,37.0,36.0,18.0,30.0,28.0,-18.54,-26.39,164.772212468,130.0,9.0,213916.0,6.0,8.0,
AIM0627,36.0,39.0,16.0,41.0,23.0,-25.15,-34.08,472.822386804,394.0,167.0,4989975.0,0.0,102.0,
RAH0440,18.0,15.0,43.0,16.0,24.0,1.83,-11.54,116.552297004,70.0,24.0,728210.0,0.0,22.0,
XHG0902,44.0,35.0,23.0,47.0,14.0,-29.9,-41.85,206.297281693,174.0,41.0,1229994.0,28.0,37.0,
TDJ0998,34.0,40.0,10.0,42.0,36.0,-23.52,-27.6,366.473763388,228.0,191.0,5706308.0,131.0,97.0,
JPA0667,49.0,42.0,34.0,35.0,27.0,-21.49,-36.47,229.760658382,174.0,120.0,3550088.0,122.0,92.0,
EHR0096,22.0,13.0,20.0,48.0,31.0,-16.88,-18.73,157.774598831,72.0,5.0,221085.0,0.0,5.0,
SJW0451,43.0,30.0,16.0,50.0,28.0,-28.48,-33.21,122.773570863,92.0,5.0,187131.0,0.0,5.0,
CNB0900,34.0,43.0,38.0,16.0,27.0,-7.98,-25.85,212.329696026,194.0,53.0,1587651.0,0.0,49.0,
CTA0020,36.0,50.0,11.0,22.0,34.0,-17.35,-25.36,343.722481752,160.0,11.0,285232.0,3.0,11.0,
SRS0231,17.0,44.0,36.0,32.0,26.0,-10.66,-28.83,224.31406226,136.0,8.0,285184.0,8.0,8.0,
HWH0646,17.0,24.0,24.0,21.0,28.0,-5.25,-13.14,187.209925004,124.0,26.0,800049.0,14.0,25.0,
HKB0418,50.0,18.0,13.0,26.0,27.0,-19.33,-19.95,359.358116608,190.0,85.0,2550693.0,0.0,67.0,
CCM0855,31.0,24.0,19.0,36.0,29.0,-16.91,-21.72,422.023146949,334.0,207.0,6037020.0,61.0,105.0,
SED0886,22.0,18.0,18.0,35.0,28.0,-13.31,-16.77,326.334333064,246.0,66.0,1944493.0,56.0,53.0,
LBC0356,40.0,30.0,40.0,21.0,41.0,-5.99,-17.34,304.024598468,174.0,41.0,1252256.0,29.0,34.0,
CKH0144,34.0,22.0,22.0,35.0,30.0,-16.07,-21.07,199.729666093,112.0,8.0,178283.0,5.0,6.0,
MBG0438,38.0,17.0,37.0,16.0,29.0,-4.79,-14.35,210.94656008,146.0,23.0,662356.0,15.0,20.0,
MVF0594,35.0,38.0,33.0,44.0,36.0,-18.61,-30.55,53.9738968977,44.0,2.0,59310.0,0.0,2.0,
ATF0274,20.0,45.0,48.0,27.0,28.0,-6.09,-28.47,210.30770395,96.0,5.0,154598.0,4.0,5.0,
KTG0091,46.0,41.0,16.0,15.0,29.0,-15.85,-23.98,161.624592437,132.0,215.0,6587161.0,123.0,124.0,
ACC0042,23.0,19.0,37.0,20.0,31.0,-1.85,-12.18,641.158330429,414.0,583.0,17750893.0,529.0,162.0,
AKW0167,38.0,38.0,20.0,14.0,35.0,-10.1,-17.91,181.086863139,180.0,119.0,3590144.0,44.0,88.0,
KPR0497,50.0,43.0,43.0,20.0,29.0,-12.77,-31.15,378.641111941,222.0,48.0,1449930.0,42.0,44.0,
ABN0239,21.0,37.0,20.0,39.0,25.0,-17.99,-28.17,360.372864108,252.0,130.0,4006129.0,88.0,83.0,
CKB0482,36.0,48.0,37.0,46.0,25.0,-23.01,-41.67,338.834275762,226.0,56.0,1786733.0,0.0,46.0,
AMH0464,45.0,16.0,42.0,37.0,21.0,-16.43,-28.63,60.2356907685,60.0,2.0,49631.0,0.0,2.0,
QCH0110,34.0,35.0,17.0,37.0,27.0,-20.98,-28.42,151.228847494,144.0,34.0,943972.0,0.0,32.0,
SGG0787,14.0,27.0,10.0,20.0,31.0,-7.18,-10.21,506.921596957,268.0,108.0,3449846.0,125.0,82.0,
SIJ0661,40.0,17.0,14.0,15.0,21.0,-12.63,-15.44,323.369656999,174.0,106.0,3270444.0,21.0,82.0,
BTW0005,33.0,39.0,18.0,18.0,27.0,-12.9,-22.26,570.83385355,412.0,31.0,952818.0,28.0,28.0,
RLB0719,14.0,18.0,15.0,40.0,35.0,-12.13,-13.17,66.3903051992,46.0,10.0,322563.0,7.0,10.0,
WDO0870,23.0,21.0,14.0,13.0,25.0,-6.35,-10.25,486.710216086,322.0,150.0,4692938.0,48.0,92.0,
KCB0815,16.0,40.0,18.0,36.0,31.0,-14.74,-23.95,349.656228307,224.0,151.0,4346464.0,35.0,105.0,
VCY0751,37.0,24.0,39.0,19.0,25.0,-7.36,-20.53,518.478660746,408.0,240.0,7130068.0,259.0,118.0,
BAJ0654,36.0,10.0,47.0,10.0,41.0,4.89,-3.87,214.15556363,108.0,33.0,940235.0,21.0,26.0,
MKL0941,16.0,26.0,20.0,38.0,30.0,-13.1,-19.32,564.239587315,338.0,149.0,4382548.0,0.0,106.0,
DBS0235,30.0,38.0,18.0,37.0,33.0,-18.57,-26.04,135.987647341,80.0,5.0,137401.0,2.0,5.0,
JJH0613,50.0,30.0,24.0,14.0,26.0,-13.58,-22.1,374.04138583,254.0,163.0,4746889.0,133.0,91.0,
UFK0208,18.0,34.0,22.0,23.0,30.0,-8.03,-17.43,219.411487819,168.0,9.0,253002.0,2.0,8.0,
BLB0114,38.0,48.0,41.0,15.0,22.0,-10.0,-31.35,332.946121456,172.0,113.0,3467322.0,116.0,86.0,
CKD0680,18.0,50.0,24.0,18.0,28.0,-8.42,-23.6,278.573327366,178.0,130.0,3710296.0,97.0,96.0,
MKG0711,17.0,26.0,43.0,32.0,38.0,-3.15,-16.11,27.1661554144,30.0,2.0,100616.0,0.0,2.0,
IIL0513,37.0,13.0,26.0,38.0,34.0,-14.86,-17.69,177.81832779,182.0,72.0,2038453.0,20.0,59.0,
TSM0363,34.0,19.0,20.0,39.0,33.0,-17.09,-19.74,332.130461061,218.0,48.0,1436200.0,32.0,39.0,
PBP0002,49.0,35.0,23.0,10.0,27.0,-12.37,-21.82,276.94974288,162.0,11.0,360604.0,0.0,9.0,
GTD0898,23.0,23.0,39.0,15.0,29.0,-0.32,-13.07,238.849410492,210.0,57.0,1579691.0,0.0,46.0,
CJH0702,46.0,24.0,30.0,25.0,37.0,-12.01,-18.52,31.8267811263,46.0,7.0,235681.0,0.0,7.0,
DMK0257,33.0,20.0,26.0,26.0,30.0,-10.58,-16.73,393.643762902,304.0,210.0,6384544.0,239.0,121.0,
WIQ0567,25.0,41.0,10.0,47.0,39.0,-22.41,-26.43,422.985360929,250.0,50.0,1486134.0,39.0,33.0,
PTH0830,43.0,44.0,42.0,43.0,34.0,-19.77,-36.8,35.3191143545,58.0,7.0,175432.0,5.0,7.0,
NCO0666,40.0,45.0,10.0,12.0,31.0,-14.42,-21.35,339.750927858,182.0,119.0,3575090.0,94.0,87.0,
MHG0733,43.0,30.0,24.0,42.0,29.0,-22.8,-30.42,327.261403364,288.0,194.0,5630801.0,0.0,100.0,
RAW0915,43.0,50.0,21.0,43.0,24.0,-28.38,-41.62,223.461715196,112.0,7.0,180799.0,10.0,7.0,
HAM0985,20.0,17.0,29.0,16.0,20.0,-3.55,-13.12,196.82224345,112.0,6.0,215399.0,6.0,6.0,
SAB0781,36.0,35.0,24.0,30.0,28.0,-16.58,-26.42,98.3565074748,114.0,24.0,705687.0,17.0,23.0,
IBM0671,50.0,46.0,38.0,35.0,31.0,-20.47,-37.08,257.864707862,166.0,117.0,3532901.0,96.0,81.0,
YDN0198,45.0,50.0,41.0,11.0,24.0,-10.22,-31.4,420.002581453,192.0,13.0,357717.0,16.0,13.0,
GAF0060,41.0,16.0,39.0,25.0,22.0,-10.58,-21.88,118.497324194,64.0,4.0,110101.0,2.0,4.0,
AMM0014,48.0,38.0,15.0,44.0,36.0,-27.01,-31.64,352.295859427,210.0,12.0,377304.0,0.0,11.0,
AMV0036,43.0,36.0,42.0,37.0,26.0,-17.83,-34.58,233.317641681,168.0,9.0,336420.0,0.0,9.0,
MOP0763,43.0,41.0,22.0,20.0,33.0,-14.64,-24.12,61.0569918351,70.0,26.0,779856.0,0.0,25.0,
CBG0490,50.0,31.0,35.0,10.0,29.0,-8.55,-20.81,392.267923588,254.0,51.0,1584255.0,27.0,46.0,
CNE0352,39.0,22.0,44.0,15.0,30.0,-3.47,-16.76,651.178689566,358.0,51.0,1483944.0,18.0,43.0,
GQP0743,47.0,39.0,19.0,39.0,25.0,-26.36,-35.43,296.053026897,240.0,173.0,5360267.0,197.0,99.0,
PTH0552,20.0,13.0,32.0,20.0,28.0,-1.96,-9.6,251.573900014,188.0,146.0,4066690.0,126.0,90.0,
GLR0975,33.0,44.0,26.0,24.0,24.0,-15.0,-29.29,240.282922625,160.0,10.0,289224.0,10.0,10.0,
BKW0374,41.0,38.0,17.0,46.0,27.0,-27.43,-35.18,238.081808597,182.0,41.0,1098933.0,20.0,36.0,
CAH0936,40.0,22.0,39.0,50.0,24.0,-21.51,-33.58,235.119286313,120.0,8.0,252043.0,7.0,7.0,
AIP0982,43.0,20.0,43.0,41.0,33.0,-15.06,-26.01,207.674518997,120.0,10.0,381656.0,14.0,10.0,
KRV0372,40.0,39.0,25.0,35.0,32.0,-19.36,-29.47,174.060575145,126.0,43.0,1287931.0,41.0,36.0,
IAT0263,28.0,23.0,30.0,30.0,27.0,-11.0,-20.33,275.028971767,222.0,71.0,2147394.0,70.0,44.0,
JBD0616,40.0,21.0,25.0,37.0,27.0,-18.54,-24.72,301.105009436,254.0,133.0,4007977.0,121.0,85.0,
RUM0880,40.0,37.0,17.0,38.0,26.0,-23.77,-31.68,352.99865374,242.0,188.0,5560192.0,205.0,100.0,
SMY0792,43.0,37.0,39.0,42.0,25.0,-21.13,-37.18,136.76918921,88.0,5.0,156177.0,5.0,5.0,
HOB0994,38.0,39.0,15.0,43.0,33.0,-24.46,-30.58,238.53960833,158.0,200.0,5962085.0,110.0,126.0,
DGN0480,21.0,25.0,44.0,20.0,31.0,-0.46,-15.16,305.482616881,206.0,79.0,2388776.0,66.0,56.0,
KJJ0293,41.0,42.0,23.0,39.0,33.0,-22.12,-31.97,92.6631893215,118.0,17.0,578313.0,21.0,16.0,
JXH0493,36.0,32.0,23.0,15.0,31.0,-9.18,-17.42,231.970957008,202.0,43.0,1114160.0,11.0,31.0,
PGH0184,30.0,35.0,33.0,22.0,25.0,-9.81,-24.13,99.0875950736,76.0,5.0,135595.0,5.0,5.0,
JPW0741,40.0,38.0,44.0,30.0,33.0,-12.06,-28.79,247.22441759,248.0,231.0,6805498.0,0.0,107.0,
NMG0766,16.0,23.0,42.0,40.0,31.0,-7.74,-20.99,45.5423457351,58.0,13.0,359919.0,4.0,13.0,
HMW0713,38.0,24.0,40.0,36.0,28.0,-14.0,-26.46,91.7450758691,62.0,9.0,279137.0,11.0,9.0,
MAH0864,30.0,46.0,25.0,20.0,25.0,-12.71,-27.19,442.5872477,358.0,234.0,6954896.0,175.0,117.0,
QNF0205,35.0,41.0,22.0,21.0,29.0,-13.63,-24.41,142.254122552,80.0,5.0,166558.0,4.0,5.0,
KKW0879,36.0,42.0,21.0,31.0,27.0,-19.12,-30.02,299.381943711,278.0,217.0,6406828.0,55.0,117.0,
TEM0093,28.0,24.0,45.0,14.0,30.0,0.19,-14.6,432.455997522,252.0,259.0,7882624.0,118.0,137.0,
RVF0201,36.0,32.0,38.0,29.0,28.0,-12.17,-26.37,274.374278912,208.0,14.0,396131.0,14.0,13.0,
TMA0069,33.0,38.0,42.0,14.0,33.0,-3.58,-20.24,388.20070929,256.0,122.0,3726905.0,78.0,87.0,
VFM0814,46.0,45.0,44.0,19.0,28.0,-11.45,-31.21,290.111179559,180.0,129.0,3952936.0,30.0,80.0,
SBN0866,41.0,34.0,41.0,24.0,22.0,-12.53,-29.63,446.021717539,370.0,207.0,6129206.0,174.0,115.0,
ZJE0857,35.0,34.0,36.0,38.0,31.0,-15.84,-29.04,265.946380799,194.0,154.0,4736636.0,48.0,98.0,
HPM0986,41.0,36.0,38.0,23.0,24.0,-12.69,-28.8,291.098423968,160.0,11.0,374173.0,0.0,10.0,
CJP0952,45.0,18.0,25.0,18.0,27.0,-11.39,-16.86,36.4280112002,30.0,10.0,342972.0,14.0,10.0,
DRR0162,45.0,36.0,20.0,36.0,29.0,-22.78,-30.62,325.514069406,232.0,12.0,435759.0,6.0,12.0,
CWR0502,41.0,49.0,25.0,45.0,27.0,-26.76,-40.57,258.46552084,178.0,49.0,1393607.0,46.0,37.0,
SLB0049,14.0,27.0,16.0,22.0,20.0,-9.18,-16.92,279.292829412,160.0,8.0,256811.0,2.0,8.0,
IDO0176,34.0,39.0,40.0,24.0,26.0,-10.52,-28.08,382.911519945,340.0,213.0,6274849.0,0.0,129.0,
AGB0186,18.0,10.0,41.0,15.0,35.0,5.2,-3.52,103.80383259,68.0,3.0,112642.0,0.0,3.0,
RJB0088,20.0,42.0,37.0,45.0,24.0,-17.06,-35.09,466.45571457,272.0,170.0,5099041.0,0.0,101.0,
OCB0805,37.0,33.0,42.0,16.0,18.0,-8.44,-26.91,208.258470665,132.0,7.0,197065.0,2.0,7.0,
ETR0428,36.0,21.0,40.0,20.0,20.0,-7.96,-21.84,30.5450486986,30.0,19.0,575883.0,20.0,17.0,
IKP0472,32.0,10.0,37.0,38.0,31.0,-10.85,-17.85,56.5202932567,60.0,5.0,122989.0,3.0,5.0,
LHB0967,37.0,38.0,41.0,47.0,33.0,-19.22,-34.65,31.7175030543,30.0,11.0,299452.0,0.0,11.0,
CCM0467,43.0,40.0,19.0,26.0,25.0,-19.73,-29.54,55.6614403945,60.0,4.0,98177.0,1.0,4.0,
GKO0078,44.0,46.0,21.0,24.0,29.0,-18.67,-29.97,335.987781211,248.0,13.0,396325.0,14.0,12.0,
GNS0178,30.0,17.0,42.0,26.0,33.0,-4.48,-15.17,265.398549352,188.0,9.0,241259.0,13.0,9.0,
SSS0345,40.0,21.0,38.0,16.0,20.0,-7.94,-20.96,105.197111711,56.0,4.0,126661.0,0.0,4.0,
SSR0278,34.0,32.0,45.0,15.0,24.0,-4.76,-22.85,354.55172114,252.0,96.0,2732205.0,0.0,77.0,
ALH0402,43.0,23.0,43.0,46.0,32.0,-17.93,-29.85,89.74447941,48.0,3.0,91514.0,2.0,3.0,
AKK0329,45.0,22.0,25.0,39.0,22.0,-22.26,-29.58,67.4667394636,32.0,2.0,50282.0,1.0,2.0,
EWH0191,33.0,17.0,22.0,23.0,27.0,-10.53,-15.11,295.802268998,178.0,15.0,369107.0,9.0,14.0,
TVS0050,40.0,38.0,18.0,30.0,29.0,-19.52,-27.55,276.389971998,232.0,14.0,384233.0,16.0,14.0,
TUC0632,38.0,44.0,10.0,13.0,31.0,-14.09,-20.82,276.815560314,148.0,35.0,1031189.0,0.0,31.0,
SKG0759,22.0,15.0,43.0,41.0,26.0,-9.64,-21.85,76.37322113,46.0,20.0,605196.0,30.0,20.0,
IMG0320,37.0,14.0,12.0,24.0,23.0,-15.14,-15.88,552.370691366,344.0,188.0,5548224.0,117.0,111.0,
BBG0325,41.0,50.0,30.0,37.0,40.0,-19.11,-32.22,428.886538633,324.0,154.0,4412602.0,126.0,97.0,
CTW0500,38.0,36.0,20.0,35.0,35.0,-18.81,-25.64,169.189236615,126.0,47.0,1409728.0,42.0,36.0,
SBN0495,39.0,22.0,43.0,24.0,21.0,-9.75,-24.56,345.361977489,274.0,54.0,1634898.0,17.0,49.0,
ELH0960,40.0,43.0,26.0,41.0,22.0,-24.73,-38.51,66.4207104141,46.0,6.0,188518.0,0.0,6.0,
TSG0906,41.0,21.0,40.0,28.0,28.0,-10.98,-22.61,224.249090658,218.0,59.0,1687985.0,60.0,51.0,
JMK0099,40.0,37.0,41.0,41.0,25.0,-19.3,-36.26,171.383587246,120.0,8.0,254729.0,4.0,8.0,
MKP0861,36.0,42.0,39.0,34.0,29.0,-15.43,-32.47,377.518844887,286.0,150.0,4272284.0,156.0,89.0,
HIW0536,39.0,50.0,25.0,24.0,20.0,-18.97,-35.19,499.557174971,288.0,144.0,4513294.0,38.0,93.0,
CTR0697,36.0,15.0,33.0,25.0,34.0,-7.54,-13.83,19.8746069144,30.0,10.0,261234.0,16.0,10.0,
BHC0665,14.0,21.0,12.0,12.0,32.0,-2.04,-4.06,308.839980885,190.0,59.0,1847569.0,71.0,51.0,
DCH0843,20.0,31.0,11.0,18.0,36.0,-7.31,-10.42,39.5221456907,30.0,1.0,31169.0,0.0,1.0,
WIF0691,33.0,39.0,37.0,30.0,24.0,-14.03,-30.87,148.360284289,152.0,113.0,3598571.0,35.0,82.0,
HWM0342,45.0,44.0,41.0,39.0,34.0,-18.9,-35.54,107.338079134,80.0,4.0,123174.0,2.0,4.0,
MNC0717,30.0,37.0,22.0,22.0,34.0,-10.72,-19.46,6.5574385243,30.0,12.0,302908.0,19.0,12.0,
ARB0881,38.0,46.0,43.0,10.0,35.0,-3.91,-22.55,306.782946423,208.0,44.0,1403816.0,63.0,41.0,
AHC0142,34.0,23.0,40.0,15.0,26.0,-4.09,-17.35,194.85598044,104.0,7.0,196721.0,11.0,7.0,
ZFM0468,35.0,16.0,20.0,45.0,30.0,-20.21,-22.54,96.0197088226,88.0,6.0,204190.0,5.0,6.0,
DIW0118,37.0,17.0,19.0,37.0,26.0,-18.74,-21.96,395.395768179,216.0,13.0,399092.0,6.0,13.0,
USH0199,44.0,39.0,46.0,36.0,25.0,-17.42,-36.69,109.768497919,48.0,3.0,103953.0,1.0,3.0,
MAD0753,50.0,30.0,36.0,41.0,33.0,-20.51,-31.32,495.749810292,348.0,206.0,6075449.0,114.0,100.0,
KDS0349,18.0,23.0,20.0,32.0,29.0,-10.88,-16.51,354.962633858,240.0,14.0,409493.0,0.0,14.0,
LJB0826,38.0,21.0,39.0,15.0,32.0,-3.78,-14.53,76.2167994389,46.0,7.0,202533.0,8.0,7.0,
FKK0055,46.0,16.0,37.0,16.0,27.0,-7.51,-16.85,368.131799599,188.0,12.0,349074.0,10.0,11.0,
TAP0551,25.0,17.0,27.0,20.0,22.0,-6.79,-14.83,227.97789223,188.0,123.0,3565453.0,131.0,82.0,
FPC0954,22.0,25.0,50.0,20.0,27.0,-0.22,-18.01,14.9666295471,30.0,5.0,123046.0,0.0,5.0,
GBM0603,39.0,42.0,42.0,24.0,37.0,-9.36,-25.72,430.373598409,274.0,150.0,4636712.0,86.0,90.0,
CXC0336,23.0,19.0,34.0,35.0,34.0,-8.33,-16.56,78.0654227165,68.0,3.0,100776.0,5.0,3.0,
FDE0117,38.0,37.0,32.0,41.0,28.0,-20.23,-33.27,302.385707493,246.0,165.0,4707035.0,107.0,93.0,
FUM0015,33.0,18.0,18.0,46.0,32.0,-20.38,-22.15,251.287774959,140.0,9.0,271129.0,8.0,9.0,
NAB0801,28.0,34.0,10.0,41.0,29.0,-22.01,-26.34,278.550133982,180.0,10.0,329594.0,10.0,9.0,
GJT0386,24.0,13.0,49.0,34.0,26.0,-5.41,-19.32,223.216796697,140.0,9.0,240771.0,3.0,9.0,
KAC0124,33.0,14.0,30.0,18.0,33.0,-4.46,-9.88,196.729258171,148.0,169.0,5076236.0,0.0,90.0,
RGH0728,19.0,20.0,37.0,18.0,29.0,-0.43,-11.74,476.966481015,316.0,210.0,6321382.0,147.0,104.0,
CCR0863,20.0,30.0,37.0,14.0,29.0,-0.61,-14.75,414.988016604,302.0,155.0,4845880.0,0.0,89.0,
TTD1000,34.0,34.0,24.0,40.0,29.0,-19.88,-29.11,196.119420675,156.0,123.0,3505528.0,56.0,73.0,
OKB0439,41.0,42.0,30.0,25.0,27.0,-15.79,-29.89,111.526025295,86.0,30.0,875221.0,37.0,24.0,
XAA0104,41.0,40.0,14.0,38.0,42.0,-21.46,-25.37,330.00784496,184.0,11.0,267391.0,9.0,11.0,
RFP0380,39.0,39.0,20.0,20.0,32.0,-13.86,-22.47,159.419989199,112.0,7.0,196623.0,1.0,7.0,
JTS0389,31.0,36.0,11.0,44.0,32.0,-23.55,-27.91,404.617746271,264.0,14.0,413393.0,8.0,14.0,
CMS0454,43.0,23.0,28.0,15.0,25.0,-10.03,-18.63,57.2484394377,60.0,5.0,159025.0,7.0,4.0,
JKB0126,43.0,24.0,19.0,33.0,28.0,-19.46,-23.96,196.188456612,158.0,130.0,3983266.0,0.0,75.0,
LAM0911,42.0,43.0,27.0,38.0,22.0,-23.79,-37.9,86.6294018198,72.0,4.0,134976.0,2.0,4.0,
GCC0744,35.0,42.0,15.0,25.0,31.0,-16.78,-24.71,358.704248134,324.0,188.0,5433668.0,0.0,105.0,
CLH0703,48.0,41.0,47.0,28.0,29.0,-14.29,-33.53,116.801245273,90.0,6.0,168277.0,6.0,6.0,
KMW0545,19.0,16.0,18.0,23.0,32.0,-5.97,-8.34,265.221464791,196.0,136.0,4098878.0,127.0,92.0,
PSF0133,42.0,40.0,11.0,36.0,33.0,-23.81,-28.67,54.8552691122,60.0,11.0,392534.0,0.0,11.0,
NHH0185,41.0,43.0,19.0,21.0,33.0,-15.54,-24.55,86.487487753,72.0,4.0,108571.0,0.0,4.0,
NCE0097,48.0,36.0,20.0,11.0,35.0,-11.49,-18.3,180.745568112,100.0,6.0,185024.0,4.0,5.0,
CCL0068,13.0,16.0,23.0,19.0,23.0,-3.36,-10.03,354.467165887,240.0,149.0,4516377.0,77.0,101.0,
AJC0840,14.0,24.0,19.0,33.0,37.0,-8.6,-12.48,74.9394009607,46.0,6.0,167569.0,0.0,6.0,
GCC0945,30.0,39.0,18.0,25.0,27.0,-15.01,-24.38,33.331666625,30.0,2.0,62297.0,0.0,2.0,
NAB0903,44.0,30.0,19.0,30.0,37.0,-17.27,-21.39,182.520476598,174.0,39.0,1261538.0,0.0,33.0,
AOS0987,16.0,32.0,40.0,30.0,27.0,-6.34,-22.49,213.145209006,104.0,6.0,208538.0,3.0,6.0,
JAD0609,18.0,23.0,26.0,36.0,33.0,-10.14,-16.99,357.033426576,306.0,162.0,4823874.0,185.0,96.0,
AMW0392,47.0,47.0,22.0,44.0,26.0,-28.8,-40.89,307.561275855,188.0,11.0,324515.0,0.0,11.0,
FIR0920,40.0,11.0,44.0,20.0,27.0,-4.88,-15.63,228.131789725,128.0,8.0,284796.0,8.0,8.0,
RNP0211,39.0,15.0,25.0,40.0,30.0,-17.85,-21.65,379.095692872,216.0,16.0,529371.0,12.0,16.0,
RHY0079,20.0,19.0,14.0,21.0,26.0,-8.33,-11.43,593.620178876,344.0,177.0,5375242.0,80.0,115.0,
CLS0296,27.0,16.0,25.0,18.0,33.0,-4.23,-8.66,122.897821794,106.0,25.0,740215.0,0.0,25.0,
JSA0775,50.0,46.0,42.0,19.0,33.0,-12.11,-30.06,142.569028566,86.0,15.0,460469.0,18.0,14.0,
RDM0115,42.0,17.0,39.0,15.0,30.0,-4.82,-14.71,211.777330418,112.0,8.0,206358.0,4.0,8.0,
JKM0303,46.0,10.0,44.0,15.0,35.0,-2.45,-10.88,192.685028196,122.0,19.0,693439.0,9.0,17.0,
IJM0139,45.0,17.0,15.0,30.0,35.0,-16.97,-16.38,169.139337907,162.0,23.0,713524.0,0.0,21.0,
SVL0940,15.0,42.0,26.0,15.0,34.0,-3.01,-15.52,282.197899058,178.0,107.0,3254862.0,50.0,84.0,
LDG0459,20.0,41.0,10.0,50.0,34.0,-23.4,-28.76,80.4052076838,60.0,3.0,92141.0,1.0,3.0,
ROB0272,39.0,45.0,23.0,41.0,34.0,-22.62,-33.14,199.924338083,168.0,8.0,265403.0,0.0,8.0,
LNS0989,34.0,38.0,45.0,30.0,31.0,-10.49,-28.35,19.7737199333,16.0,1.0,26973.0,1.0,1.0,
CNM0800,32.0,11.0,40.0,38.0,24.0,-11.94,-21.94,314.668043315,208.0,11.0,351273.0,10.0,9.0,
HGN0287,45.0,30.0,18.0,18.0,27.0,-15.06,-21.3,202.791325124,136.0,137.0,4052544.0,106.0,96.0,
KMS0657,17.0,31.0,21.0,17.0,29.0,-5.16,-13.75,104.446778118,92.0,25.0,699355.0,0.0,24.0,
BMG0917,43.0,36.0,41.0,23.0,34.0,-10.14,-24.96,326.792357303,192.0,11.0,281747.0,4.0,11.0,
HVB0037,17.0,42.0,41.0,44.0,26.0,-14.25,-33.47,210.399622007,112.0,7.0,215488.0,5.0,7.0,
PNH0761,36.0,49.0,27.0,32.0,30.0,-18.45,-32.82,93.2068302373,78.0,22.0,651424.0,9.0,22.0,
JLW0053,42.0,41.0,18.0,38.0,31.0,-23.56,-31.71,295.124014047,208.0,11.0,331914.0,0.0,10.0,
JNA0559,10.0,10.0,41.0,10.0,31.0,8.79,-1.35,203.848939603,94.0,23.0,602897.0,0.0,18.0,
OYM0026,23.0,26.0,18.0,36.0,28.0,-15.32,-20.95,207.298776644,136.0,8.0,254403.0,0.0,8.0,
NIH0969,43.0,25.0,43.0,22.0,22.0,-10.33,-25.59,96.5970937291,70.0,7.0,224189.0,15.0,7.0,
RCC0617,33.0,50.0,13.0,12.0,27.0,-13.33,-24.04,365.262089306,226.0,157.0,4709471.0,0.0,91.0,
GJD0298,43.0,39.0,12.0,40.0,27.0,-26.86,-33.06,74.8396372472,106.0,19.0,535699.0,30.0,19.0,
MLL0598,44.0,17.0,23.0,49.0,29.0,-24.28,-27.7,15.4272486205,30.0,4.0,160633.0,2.0,4.0,
DSM0591,20.0,35.0,18.0,43.0,35.0,-17.19,-23.74,58.9403842347,46.0,2.0,67914.0,0.0,2.0,
BTL0226,36.0,44.0,37.0,38.0,31.0,-17.49,-33.81,360.184637249,220.0,12.0,334906.0,1.0,12.0,
SBN0971,41.0,40.0,17.0,47.0,30.0,-27.46,-35.06,115.932522,74.0,7.0,180702.0,3.0,7.0,
CCW0524,40.0,25.0,20.0,21.0,25.0,-14.03,-20.26,186.30656563,190.0,80.0,2426799.0,43.0,65.0,
IWM0816,35.0,42.0,50.0,44.0,28.0,-16.92,-38.11,430.175399629,264.0,155.0,4596577.0,190.0,100.0,
JOL0024,50.0,40.0,24.0,21.0,29.0,-17.47,-27.96,409.693458032,264.0,17.0,506233.0,17.0,17.0,
ENL0100,39.0,18.0,42.0,35.0,21.0,-14.09,-27.19,352.976357854,196.0,12.0,451855.0,5.0,11.0,
TIW0299,34.0,19.0,19.0,12.0,31.0,-6.21,-9.49,162.075117649,134.0,20.0,561531.0,12.0,20.0,
ZSK0258,38.0,35.0,21.0,37.0,25.0,-21.66,-30.84,362.024467518,264.0,159.0,4716099.0,51.0,100.0,
CGF0337,32.0,30.0,43.0,15.0,31.0,-2.66,-17.94,82.8532782591,80.0,4.0,147371.0,0.0,4.0,
EHB0420,45.0,42.0,38.0,17.0,20.0,-13.23,-31.86,383.89534977,230.0,60.0,1736799.0,48.0,55.0,
RGN0408,11.0,21.0,22.0,22.0,32.0,-2.94,-8.61,489.117274783,282.0,104.0,3205190.0,91.0,77.0,
FHO0630,28.0,44.0,23.0,12.0,26.0,-8.61,-21.82,400.399868158,286.0,133.0,3896358.0,148.0,93.0,
JKJ0698,16.0,38.0,16.0,22.0,28.0,-9.62,-18.5,102.197680471,62.0,4.0,125644.0,0.0,4.0,
SCF0608,35.0,18.0,42.0,42.0,36.0,-12.3,-22.01,653.043864672,406.0,163.0,4845009.0,38.0,103.0,
BVC0790,24.0,18.0,18.0,36.0,38.0,-11.94,-12.98,437.382712981,338.0,138.0,4082212.0,111.0,109.0,
NRF0137,10.0,49.0,38.0,17.0,32.0,-0.97,-20.55,126.904960723,90.0,14.0,409016.0,0.0,14.0,
HDD0789,44.0,39.0,30.0,10.0,29.0,-9.28,-22.23,395.510902572,250.0,163.0,4727874.0,98.0,104.0,
IEB0153,44.0,25.0,39.0,24.0,36.0,-9.13,-19.6,40.5174221364,32.0,2.0,64571.0,1.0,2.0,
ICH0294,32.0,27.0,20.0,40.0,26.0,-19.88,-26.46,78.0115768867,90.0,15.0,497879.0,12.0,14.0,
ZSL0305,21.0,26.0,18.0,41.0,32.0,-15.91,-20.62,99.8763721572,90.0,15.0,470909.0,9.0,14.0,
AJP0723,24.0,29.0,17.0,12.0,29.0,-5.79,-12.09,56.1747013265,54.0,7.0,229145.0,0.0,6.0,
GDF0704,25.0,13.0,21.0,29.0,36.0,-8.16,-9.46,22.5388553392,30.0,9.0,288408.0,4.0,9.0,
TJD0996,34.0,22.0,42.0,16.0,32.0,-2.42,-14.74,492.898109735,332.0,201.0,5783075.0,167.0,114.0,
OMS0101,20.0,12.0,21.0,22.0,29.0,-5.17,-8.19,270.121865784,148.0,8.0,335857.0,4.0,8.0,
BCM0653,45.0,34.0,41.0,18.0,31.0,-8.99,-23.94,226.343462882,156.0,29.0,897042.0,11.0,29.0,
BDB0453,41.0,42.0,27.0,41.0,26.0,-23.66,-36.56,126.841469265,108.0,7.0,269592.0,0.0,7.0,
NCK0421,40.0,41.0,18.0,43.0,24.0,-26.79,-36.55,101.048146301,114.0,56.0,1735284.0,0.0,50.0,
MFV0897,18.0,13.0,23.0,25.0,33.0,-4.56,-7.72,275.776653304,222.0,58.0,1738850.0,0.0,48.0,
MAH0149,41.0,39.0,38.0,27.0,40.0,-11.05,-24.24,221.680535475,112.0,10.0,243042.0,11.0,10.0,
ECR0822,16.0,19.0,17.0,23.0,29.0,-6.52,-10.2,61.8197855941,46.0,5.0,229051.0,0.0,5.0,
POB0343,46.0,19.0,44.0,27.0,34.0,-9.29,-20.23,148.091928721,96.0,4.0,108708.0,0.0,4.0,
IRT0491,17.0,30.0,27.0,41.0,32.0,-13.1,-22.46,337.094943095,254.0,55.0,1604129.0,35.0,41.0,
HKI0171,31.0,17.0,30.0,45.0,27.0,-17.39,-24.59,441.34610298,264.0,129.0,3695018.0,102.0,88.0,
DIB0285,13.0,45.0,17.0,50.0,29.0,-21.39,-31.96,324.776938979,150.0,28.0,855353.0,24.0,26.0,
IAR0694,12.0,17.0,44.0,40.0,34.0,-4.36,-16.18,349.873911079,172.0,176.0,5392722.0,176.0,118.0,
CMM0487,39.0,22.0,42.0,40.0,30.0,-14.72,-26.77,332.554065602,262.0,57.0,1811692.0,0.0,47.0,
AGB0643,32.0,39.0,20.0,44.0,27.0,-23.28,-32.91,49.3115911034,88.0,18.0,521880.0,7.0,18.0,
PID0426,43.0,19.0,39.0,44.0,23.0,-19.59,-31.02,245.160984531,178.0,36.0,1036986.0,30.0,31.0,
HLM0933,36.0,24.0,23.0,43.0,30.0,-20.18,-25.85,221.200337547,190.0,140.0,4283646.0,85.0,96.0,
KRL0062,37.0,16.0,17.0,20.0,33.0,-10.09,-11.02,234.326105126,172.0,9.0,241250.0,0.0,9.0,
MPM0220,35.0,20.0,42.0,22.0,20.0,-7.86,-22.21,558.380804985,386.0,594.0,17743266.0,225.0,158.0,
JDB0169,20.0,14.0,23.0,48.0,33.0,-15.21,-18.09,508.413166108,292.0,174.0,5311414.0,47.0,111.0,
ZJS0269,30.0,34.0,16.0,35.0,27.0,-19.01,-26.04,277.084899448,188.0,11.0,310499.0,0.0,11.0,
CJM0521,13.0,18.0,37.0,18.0,24.0,0.49,-11.71,370.790475888,270.0,79.0,2185260.0,36.0,69.0,
MDH0580,41.0,37.0,18.0,40.0,31.0,-23.48,-30.52,41.2473546999,32.0,2.0,46887.0,5.0,2.0,
JRS0362,50.0,50.0,14.0,37.0,24.0,-29.65,-40.07,364.9700574,230.0,69.0,2032431.0,0.0,52.0,
WXH0872,17.0,20.0,19.0,21.0,25.0,-6.58,-12.19,292.539060715,214.0,168.0,5002173.0,135.0,95.0,
MHA0798,11.0,27.0,17.0,22.0,40.0,-3.23,-6.89,288.82940598,140.0,8.0,251216.0,0.0,8.0,
JZD0888,20.0,20.0,30.0,14.0,30.0,-0.52,-9.04,286.046222624,234.0,60.0,1855956.0,0.0,45.0,
HDD0806,47.0,28.0,36.0,19.0,38.0,-8.63,-18.32,239.526422676,164.0,159.0,4837576.0,35.0,104.0,
BSB0990,34.0,44.0,13.0,43.0,37.0,-23.6,-29.66,224.917905017,106.0,6.0,163620.0,8.0,6.0,
ALC0788,34.0,18.0,15.0,36.0,35.0,-16.41,-16.53,61.6492768249,58.0,9.0,296819.0,5.0,9.0,
JCR0921,47.0,46.0,31.0,40.0,34.0,-22.75,-36.13,82.5090001577,56.0,3.0,91293.0,1.0,3.0,
RRA0938,35.0,36.0,21.0,38.0,29.0,-20.39,-29.06,265.906570566,198.0,136.0,4038761.0,129.0,95.0,
SHW0578,39.0,42.0,14.0,49.0,31.0,-28.55,-35.43,57.0305569138,32.0,2.0,43987.0,3.0,2.0,
GCL0016,45.0,32.0,20.0,24.0,34.0,-15.78,-21.59,227.976047678,154.0,9.0,268319.0,6.0,9.0,
GOK0238,33.0,43.0,27.0,40.0,33.0,-19.31,-31.3,295.105463695,212.0,99.0,2956048.0,0.0,74.0,
BCB0679,46.0,36.0,39.0,31.0,31.0,-15.7,-30.16,81.4414182216,70.0,90.0,2711025.0,100.0,67.0,
IHK0841,35.0,23.0,41.0,28.0,29.0,-9.01,-21.64,31.5911379979,30.0,4.0,105071.0,0.0,4.0,
ALD0529,35.0,21.0,19.0,21.0,27.0,-11.66,-16.19,180.496126237,190.0,67.0,1956084.0,66.0,53.0,
KRG0158,34.0,38.0,42.0,14.0,27.0,-5.32,-23.31,249.495999986,208.0,12.0,376084.0,3.0,11.0,
TJB0302,42.0,47.0,24.0,40.0,29.0,-24.36,-36.83,132.567937148,122.0,24.0,680684.0,13.0,23.0,
ILC0838,40.0,36.0,42.0,16.0,33.0,-6.22,-21.93,35.1140997322,30.0,4.0,140876.0,2.0,4.0,
RIH0777,26.0,44.0,19.0,16.0,27.0,-10.49,-22.01,119.481315253,86.0,20.0,679054.0,7.0,19.0,
HCW0419,40.0,21.0,35.0,34.0,35.0,-12.83,-20.93,171.237691669,158.0,93.0,2736885.0,96.0,67.0,
DAL0673,39.0,35.0,46.0,41.0,36.0,-14.79,-30.56,152.595984094,102.0,109.0,3317105.0,78.0,82.0,
RMS0266,33.0,40.0,25.0,23.0,37.0,-11.06,-20.89,230.602732648,188.0,200.0,5802591.0,0.0,124.0,
KDT0346,36.0,41.0,10.0,22.0,33.0,-16.4,-21.75,79.691073695,52.0,2.0,65531.0,1.0,2.0,
KAL0395,13.0,24.0,22.0,28.0,29.0,-7.32,-14.3,202.063082933,148.0,7.0,243692.0,12.0,7.0,
ARD0509,50.0,40.0,35.0,32.0,32.0,-18.73,-32.38,222.181207303,182.0,67.0,1910591.0,83.0,55.0,
BTL0722,39.0,41.0,36.0,17.0,49.0,-4.81,-16.05,55.029072985,46.0,4.0,140835.0,2.0,4.0,
WPE0538,21.0,16.0,23.0,22.0,35.0,-4.17,-7.62,141.363431167,106.0,7.0,219256.0,6.0,7.0,
CLF0852,36.0,45.0,28.0,18.0,26.0,-12.5,-27.32,370.67623034,262.0,160.0,4754413.0,195.0,89.0,
HJA0018,39.0,43.0,47.0,37.0,32.0,-15.06,-34.44,383.922496084,204.0,13.0,410340.0,11.0,13.0,
MIM0712,16.0,15.0,39.0,23.0,22.0,-2.06,-14.37,73.3150127824,46.0,9.0,291748.0,11.0,9.0,
CEJ0109,21.0,46.0,17.0,17.0,32.0,-9.04,-19.46,337.342681239,212.0,110.0,3232764.0,0.0,85.0,
JCW0858,14.0,35.0,22.0,41.0,39.0,-12.57,-20.02,420.855866701,266.0,156.0,4851987.0,42.0,85.0,
DFR0218,45.0,14.0,22.0,37.0,27.0,-19.67,-22.53,315.473615289,274.0,438.0,13210210.0,127.0,139.0,
BAL0044,14.0,41.0,26.0,44.0,30.0,-15.98,-28.6,409.955452981,302.0,532.0,16006417.0,540.0,152.0,
ASS0206,12.0,18.0,20.0,28.0,30.0,-6.32,-10.7,497.286413288,276.0,16.0,475765.0,0.0,15.0,
IUB0565,44.0,39.0,35.0,22.0,30.0,-12.95,-27.28,231.951042957,174.0,34.0,924896.0,33.0,27.0,
ASG0048,41.0,36.0,19.0,24.0,37.0,-14.75,-20.82,117.685194431,96.0,8.0,243495.0,7.0,8.0,
TET0621,30.0,37.0,44.0,32.0,27.0,-11.2,-29.49,524.609508822,418.0,165.0,4863196.0,212.0,101.0,
ARA0252,39.0,39.0,27.0,21.0,35.0,-11.82,-22.31,191.279245692,210.0,97.0,2962098.0,85.0,69.0,
AMR0318,45.0,50.0,17.0,25.0,21.0,-22.96,-35.67,400.833091851,280.0,187.0,5771706.0,69.0,118.0,
WTF0387,40.0,23.0,40.0,25.0,24.0,-10.67,-23.89,286.024818808,160.0,10.0,308088.0,6.0,9.0,
AJL0462,16.0,24.0,44.0,31.0,28.0,-4.25,-19.39,51.9407271296,46.0,2.0,44488.0,1.0,2.0,
SDF0017,11.0,40.0,39.0,18.0,30.0,-0.49,-18.31,346.143001323,170.0,11.0,346884.0,8.0,10.0,
RDM0150,39.0,15.0,37.0,26.0,30.0,-8.83,-17.35,39.9890832301,32.0,3.0,80622.0,4.0,3.0,
HKF0831,23.0,42.0,49.0,21.0,24.0,-4.64,-27.44,79.7230158115,46.0,8.0,206087.0,12.0,8.0,
DGF0443,39.0,44.0,18.0,28.0,33.0,-18.36,-27.24,234.765226184,190.0,39.0,1116854.0,0.0,32.0,
CAB0614,17.0,38.0,22.0,12.0,34.0,-2.68,-12.55,297.251244021,198.0,150.0,4502277.0,140.0,94.0,
DBG0261,45.0,47.0,17.0,36.0,28.0,-25.53,-35.57,237.651914488,188.0,170.0,5107774.0,96.0,101.0,
ZDW0859,39.0,45.0,26.0,41.0,32.0,-22.35,-34.44,442.347586725,366.0,219.0,6416960.0,185.0,113.0,
UCH0519,33.0,40.0,20.0,47.0,28.0,-24.79,-34.36,149.684547218,150.0,72.0,2170534.0,39.0,58.0,
EHD0584,38.0,40.0,42.0,43.0,22.0,-20.51,-39.43,87.6597808255,62.0,3.0,97544.0,5.0,3.0,
BWH0813,36.0,36.0,33.0,20.0,30.0,-9.71,-22.9,135.254648108,124.0,122.0,3740004.0,151.0,85.0,
DMG0358,19.0,39.0,14.0,25.0,29.0,-12.23,-20.21,146.601507521,94.0,35.0,1005517.0,39.0,28.0,
MAE0331,36.0,39.0,18.0,12.0,28.0,-10.98,-20.08,80.485389554,60.0,3.0,136550.0,1.0,3.0,
AMD0077,23.0,19.0,12.0,25.0,25.0,-11.69,-14.05,389.650849543,252.0,275.0,8207967.0,128.0,140.0,
XLB0710,46.0,38.0,39.0,36.0,20.0,-20.81,-38.26,95.6837778646,74.0,10.0,302751.0,0.0,10.0,
DAG0558,20.0,16.0,37.0,25.0,26.0,-3.82,-14.51,351.490837026,222.0,28.0,910815.0,18.0,22.0,
WLV0566,10.0,19.0,38.0,24.0,39.0,2.5,-6.93,418.258905878,254.0,43.0,1194889.0,13.0,30.0,
FBW0747,43.0,45.0,35.0,25.0,28.0,-15.38,-31.84,425.308901393,312.0,232.0,6927515.0,136.0,112.0,
SNC0187,40.0,41.0,42.0,30.0,27.0,-14.48,-32.69,137.595174177,112.0,5.0,177100.0,4.0,5.0,
IBB0359,48.0,33.0,21.0,43.0,38.0,-23.8,-28.81,231.097957215,170.0,51.0,1530671.0,64.0,35.0,
RAM0447,35.0,12.0,23.0,45.0,39.0,-16.66,-16.91,68.2270220145,60.0,3.0,126816.0,12.0,3.0,
AJD0074,19.0,37.0,45.0,22.0,34.0,-1.67,-19.47,396.525162369,234.0,13.0,370874.0,6.0,12.0,
MSH0040,41.0,11.0,44.0,27.0,31.0,-7.23,-16.87,560.23002014,370.0,477.0,14367361.0,521.0,154.0,
QJR0688,19.0,18.0,22.0,26.0,35.0,-5.86,-9.52,354.21688809,268.0,149.0,4563960.0,130.0,107.0,
HTF0641,38.0,24.0,18.0,22.0,28.0,-13.48,-18.08,151.932309732,116.0,25.0,756231.0,21.0,23.0,
RDT0424,38.0,44.0,19.0,34.0,28.0,-21.59,-31.92,207.808688301,166.0,59.0,1880049.0,43.0,51.0,
XRS0633,34.0,39.0,39.0,40.0,23.0,-18.37,-35.93,293.542820977,228.0,33.0,1003665.0,22.0,30.0,
RLG0856,18.0,36.0,42.0,18.0,26.0,-2.16,-20.54,409.757179761,282.0,168.0,5240469.0,112.0,103.0,
MLD0755,24.0,18.0,19.0,43.0,37.0,-14.94,-16.44,522.174761312,340.0,162.0,4935052.0,200.0,89.0,
MOS0047,49.0,39.0,24.0,34.0,23.0,-24.04,-35.42,214.087230632,244.0,548.0,16007748.0,650.0,148.0,
ETR0177,18.0,15.0,41.0,26.0,39.0,0.63,-8.35,488.617269907,270.0,14.0,393154.0,0.0,14.0,
RYB0718,19.0,18.0,42.0,13.0,21.0,1.37,-13.17,58.4438276426,58.0,6.0,157971.0,1.0,6.0,
AAE0190,36.0,30.0,14.0,50.0,29.0,-26.64,-30.75,338.77547174,162.0,12.0,339969.0,8.0,11.0,
NAF0033,34.0,40.0,19.0,35.0,29.0,-19.94,-29.1,249.981770209,184.0,13.0,375166.0,7.0,13.0,
DVM0265,47.0,40.0,10.0,24.0,31.0,-20.88,-25.82,350.556272004,172.0,283.0,8520044.0,209.0,143.0,
JFC0757,31.0,21.0,38.0,36.0,38.0,-9.52,-18.45,59.5522007223,46.0,25.0,692795.0,0.0,23.0,
AOB0019,11.0,17.0,13.0,24.0,28.0,-6.37,-8.47,443.650128625,218.0,14.0,441095.0,2.0,14.0,
AIP0394,17.0,16.0,38.0,14.0,26.0,2.06,-9.37,159.10381138,96.0,6.0,181615.0,11.0,6.0,
JJB0127,26.0,21.0,38.0,30.0,32.0,-6.88,-17.56,196.902174273,180.0,169.0,4896211.0,0.0,100.0,
MCS0035,42.0,17.0,38.0,15.0,33.0,-4.35,-13.18,194.888138,128.0,8.0,301573.0,0.0,8.0,
ABC0253,21.0,15.0,41.0,30.0,28.0,-4.63,-15.91,188.184954201,136.0,158.0,4892947.0,50.0,92.0,
TQS0212,14.0,42.0,45.0,20.0,27.0,-1.79,-22.89,365.335848905,200.0,15.0,422296.0,8.0,14.0,
RSM0277,37.0,38.0,20.0,50.0,22.0,-28.4,-38.53,265.665903734,192.0,9.0,267250.0,12.0,9.0,
JER0404,38.0,46.0,18.0,16.0,30.0,-13.94,-24.36,371.261944154,232.0,12.0,327750.0,0.0,12.0,
CIG0052,17.0,45.0,17.0,16.0,24.0,-9.17,-21.37,182.452117558,88.0,7.0,237641.0,0.0,6.0,
IIW0249,39.0,36.0,43.0,38.0,28.0,-16.33,-33.17,367.897467967,266.0,101.0,3141386.0,36.0,76.0,
HVF0067,44.0,35.0,22.0,43.0,41.0,-21.95,-27.4,335.438613745,264.0,144.0,4279339.0,190.0,94.0,
HWW0436,45.0,37.0,23.0,27.0,33.0,-17.36,-25.85,97.179085739,138.0,34.0,1072668.0,39.0,28.0,
PEV0323,47.0,34.0,40.0,22.0,29.0,-12.04,-26.9,353.382333884,260.0,181.0,5210195.0,165.0,111.0,
PGO0433,44.0,40.0,19.0,46.0,35.0,-26.23,-33.29,166.770899226,134.0,20.0,642616.0,11.0,17.0,
MVB0515,38.0,14.0,33.0,31.0,28.0,-12.0,-19.17,169.659132584,190.0,82.0,2409757.0,108.0,65.0,
TJG0582,42.0,50.0,18.0,15.0,29.0,-15.59,-27.18,0.0,0.0,0.0,0.0,0.0,0.0,
SRH0155,34.0,14.0,37.0,45.0,28.0,-15.82,-24.39,179.567052068,80.0,5.0,139513.0,0.0,5.0,
IJM0444,36.0,35.0,39.0,35.0,26.0,-15.46,-31.21,325.284235258,242.0,36.0,943546.0,42.0,33.0,
CIM0271,24.0,27.0,10.0,20.0,38.0,-8.5,-9.42,220.581474598,136.0,7.0,190238.0,1.0,7.0,
CSL0949,36.0,20.0,18.0,25.0,28.0,-13.53,-17.05,74.8177873113,62.0,5.0,142033.0,0.0,5.0,
AAN0823,24.0,16.0,45.0,24.0,28.0,-2.11,-15.12,71.5197143131,46.0,10.0,281188.0,10.0,10.0,
AKH0758,24.0,38.0,40.0,37.0,27.0,-12.71,-30.0,57.7110253112,46.0,18.0,524577.0,15.0,18.0,
HSG0818,18.0,19.0,48.0,36.0,31.0,-4.48,-18.81,255.11220906,164.0,138.0,4008412.0,102.0,96.0,
MIL0255,38.0,16.0,39.0,21.0,27.0,-6.76,-17.14,360.085615919,244.0,155.0,5134512.0,110.0,98.0,
JGM0934,30.0,22.0,41.0,22.0,31.0,-4.29,-16.55,133.197424233,122.0,93.0,2790684.0,110.0,71.0,
KCO0122,30.0,32.0,26.0,38.0,33.0,-16.04,-24.77,208.651301411,168.0,170.0,5008360.0,128.0,113.0,
SGB0140,50.0,45.0,40.0,16.0,24.0,-13.32,-32.38,128.88732364,106.0,18.0,552807.0,17.0,17.0,
NAF0326,33.0,15.0,25.0,20.0,30.0,-7.45,-11.95,543.216112601,408.0,276.0,8250397.0,247.0,171.0,
IUY0279,38.0,38.0,17.0,21.0,29.0,-15.3,-23.24,401.940351717,280.0,123.0,3593189.0,123.0,94.0,
EIM0156,19.0,31.0,43.0,45.0,33.0,-11.34,-26.49,209.629129716,96.0,6.0,152893.0,8.0,6.0,
ABH0663,47.0,49.0,41.0,11.0,34.0,-8.26,-26.76,98.3403787031,62.0,10.0,344114.0,0.0,10.0,
EZT0640,12.0,15.0,27.0,39.0,27.0,-9.54,-16.14,200.94034841,172.0,18.0,507109.0,14.0,18.0,
BAK0964,25.0,16.0,22.0,18.0,28.0,-5.58,-10.15,27.5499546279,30.0,11.0,314828.0,11.0,11.0,
JCC0225,47.0,45.0,40.0,15.0,18.0,-13.43,-34.04,457.14885268,306.0,509.0,15077185.0,0.0,159.0,
EMW0105,35.0,40.0,17.0,41.0,34.0,-22.12,-29.22,220.252100106,188.0,98.0,2815553.0,0.0,72.0,
KLH0596,30.0,10.0,35.0,12.0,29.0,-0.05,-7.39,76.1720140658,46.0,2.0,54627.0,3.0,2.0,
SJF0094,35.0,19.0,16.0,44.0,30.0,-21.26,-22.97,336.253144623,244.0,236.0,6952643.0,232.0,133.0,
CSJ0340,45.0,24.0,19.0,38.0,25.0,-22.93,-27.92,61.1505122755,32.0,2.0,42233.0,0.0,2.0,
JHP0583,37.0,25.0,40.0,42.0,37.0,-14.28,-24.88,53.1593865646,46.0,2.0,47235.0,1.0,2.0,
HSD0457,38.0,19.0,20.0,42.0,27.0,-21.02,-24.79,75.9658024957,76.0,3.0,76317.0,0.0,3.0,
YWW0660,39.0,35.0,37.0,10.0,36.0,-3.71,-16.77,185.489725012,144.0,30.0,868920.0,0.0,28.0,
PGC0066,32.0,39.0,28.0,43.0,26.0,-21.09,-33.93,595.024436167,460.0,220.0,6850345.0,134.0,128.0,
MSO0222,32.0,12.0,39.0,46.0,28.0,-14.83,-23.66,564.199421032,370.0,658.0,20379823.0,0.0,168.0,
WDV0573,48.0,36.0,13.0,31.0,33.0,-22.32,-26.6,55.8596579757,58.0,2.0,65134.0,1.0,2.0,
QRM0739,33.0,11.0,26.0,29.0,30.0,-10.43,-14.0,487.858253631,320.0,276.0,8038475.0,205.0,124.0,
ASS0517,36.0,35.0,47.0,44.0,32.0,-15.89,-33.04,236.324412955,190.0,74.0,2137261.0,70.0,60.0,
LUR0896,15.0,11.0,47.0,43.0,28.0,-6.28,-18.7,238.882118601,182.0,49.0,1480955.0,15.0,44.0,
ESH0283,44.0,30.0,35.0,18.0,31.0,-9.55,-21.21,205.50927698,140.0,124.0,3601568.0,89.0,88.0,
WBC0192,47.0,36.0,39.0,39.0,27.0,-20.4,-35.57,403.151825269,226.0,17.0,504686.0,39.0,15.0,
PLH0715,42.0,37.0,19.0,37.0,29.0,-22.72,-30.6,73.8176259663,62.0,6.0,209576.0,3.0,6.0,
VSA0230,47.0,15.0,25.0,14.0,29.0,-9.31,-13.46,174.044808138,72.0,4.0,94484.0,6.0,4.0,
KJG0910,37.0,10.0,31.0,18.0,29.0,-5.73,-11.12,228.337008217,182.0,49.0,1543178.0,34.0,44.0,
DBW0483,17.0,16.0,25.0,21.0,37.0,-1.56,-5.51,443.704665874,262.0,72.0,2144608.0,57.0,57.0,
KBC0054,42.0,43.0,17.0,41.0,32.0,-25.18,-33.23,286.364050796,182.0,9.0,275295.0,0.0,9.0,
KNB0022,22.0,38.0,45.0,16.0,30.0,-1.11,-20.08,192.159124866,80.0,5.0,141693.0,2.0,5.0,
PIS0522,44.0,26.0,48.0,40.0,35.0,-14.16,-28.15,239.26181867,190.0,57.0,1621174.0,60.0,48.0,
ADD0846,18.0,19.0,25.0,12.0,35.0,1.05,-4.33,47.2546294028,30.0,7.0,225441.0,4.0,7.0,
NKP0236,45.0,41.0,19.0,40.0,31.0,-25.07,-33.4,121.16067485,100.0,130.0,3900823.0,33.0,88.0,
VLB0647,48.0,40.0,42.0,47.0,24.0,-24.75,-42.63,230.171716437,152.0,37.0,1134403.0,24.0,36.0,
DKB0631,34.0,18.0,14.0,46.0,31.0,-21.92,-22.39,218.6107819,148.0,31.0,877693.0,21.0,27.0,
KES0729,20.0,10.0,24.0,45.0,31.0,-13.51,-16.16,448.193494721,268.0,236.0,6942770.0,266.0,105.0,
IBB0696,47.0,13.0,36.0,16.0,33.0,-6.14,-12.84,59.3512070068,46.0,8.0,291901.0,2.0,8.0,
BLL0929,44.0,49.0,10.0,41.0,39.0,-26.81,-32.24,349.597457111,178.0,105.0,3130899.0,70.0,79.0,
ABC0174,15.0,41.0,34.0,13.0,32.0,-0.47,-16.16,250.230843967,156.0,164.0,5051071.0,70.0,116.0,
HAH0248,33.0,43.0,22.0,18.0,29.0,-12.06,-23.56,235.912676495,178.0,128.0,3788367.0,60.0,95.0,
NBC0412,14.0,25.0,18.0,18.0,31.0,-4.0,-9.47,179.028009198,146.0,70.0,2035806.0,64.0,55.0,
CRP0456,37.0,41.0,28.0,43.0,30.0,-21.95,-34.18,46.9931163051,60.0,2.0,74856.0,5.0,2.0,
JIG0128,25.0,45.0,35.0,18.0,27.0,-7.21,-24.94,317.924651013,204.0,169.0,5053548.0,0.0,99.0,
IJR0825,38.0,42.0,39.0,46.0,32.0,-20.47,-36.48,131.65622366,106.0,11.0,342728.0,13.0,11.0,
XWD0923,16.0,38.0,45.0,20.0,31.0,-0.79,-19.75,301.053576005,160.0,9.0,311059.0,7.0,7.0,
ESH0135,35.0,22.0,32.0,44.0,28.0,-18.22,-27.15,89.8610236103,90.0,13.0,385009.0,24.0,13.0,
RHO0732,20.0,10.0,21.0,19.0,34.0,-2.36,-3.73,658.451606211,368.0,253.0,7677239.0,265.0,116.0,
DGW0752,40.0,46.0,20.0,40.0,14.0,-28.2,-42.46,352.435902734,256.0,150.0,4481455.0,172.0,78.0,
HPR0585,34.0,46.0,15.0,46.0,35.0,-25.19,-32.95,0.0,0.0,0.0,0.0,0.0,0.0,
TBT0461,43.0,42.0,13.0,30.0,28.0,-22.55,-29.93,63.3357688158,60.0,3.0,77861.0,4.0,3.0,
SAK0375,16.0,20.0,27.0,16.0,31.0,-0.69,-8.03,135.742339256,106.0,39.0,1094636.0,43.0,30.0,
BJH0811,48.0,39.0,44.0,14.0,40.0,-6.06,-21.38,465.250318362,228.0,121.0,3756174.0,0.0,87.0,
TVS0006,43.0,43.0,37.0,20.0,41.0,-9.29,-23.04,815.133372157,416.0,34.0,1041707.0,75.0,33.0,
FAW0032,43.0,24.0,17.0,37.0,37.0,-19.52,-21.13,430.955687656,354.0,631.0,18764519.0,305.0,168.0,
WSR0241,35.0,27.0,15.0,25.0,29.0,-14.86,-19.05,301.136689126,240.0,173.0,5026066.0,167.0,107.0,
LRW0970,10.0,26.0,39.0,22.0,28.0,-0.15,-14.48,13.8202749611,30.0,6.0,221070.0,3.0,6.0,
ZMC0284,42.0,33.0,41.0,30.0,31.0,-13.09,-27.67,459.866370284,376.0,174.0,5384729.0,122.0,110.0,
SAC0687,20.0,49.0,37.0,19.0,22.0,-7.48,-28.45,272.356199109,172.0,128.0,3796412.0,25.0,94.0,
CKB0427,38.0,38.0,36.0,43.0,37.0,-18.09,-30.78,87.8112967479,86.0,21.0,636680.0,15.0,19.0,
BTS0011,25.0,42.0,16.0,25.0,29.0,-14.01,-23.27,482.312499146,290.0,21.0,565671.0,13.0,21.0,
IIA0092,39.0,30.0,42.0,14.0,27.0,-5.54,-21.04,369.613945377,236.0,207.0,6004927.0,76.0,116.0,
WKD0013,42.0,36.0,40.0,27.0,34.0,-11.81,-26.23,358.679969646,232.0,13.0,425528.0,5.0,12.0,
JNJ0556,43.0,45.0,22.0,33.0,34.0,-20.63,-30.74,308.189219526,170.0,42.0,1190937.0,39.0,29.0,
TLH0648,32.0,35.0,18.0,24.0,26.0,-14.78,-23.18,40.9509650184,60.0,23.0,763085.0,0.0,21.0,
IBP0883,30.0,25.0,15.0,11.0,17.0,-9.9,-16.82,404.647266921,242.0,45.0,1282654.0,19.0,39.0,
WAS0254,43.0,37.0,16.0,18.0,35.0,-14.16,-19.88,162.131684845,116.0,135.0,4010312.0,59.0,87.0,
QNP0216,19.0,35.0,39.0,26.0,34.0,-4.57,-19.51,536.495087383,386.0,521.0,15529199.0,0.0,157.0,
KLM0639,20.0,15.0,24.0,40.0,26.0,-13.36,-18.66,140.245440998,108.0,35.0,992960.0,0.0,35.0,
AIB0948,42.0,31.0,27.0,20.0,31.0,-11.97,-21.01,64.2483035057,46.0,8.0,283713.0,0.0,8.0,
RBB0485,40.0,40.0,35.0,30.0,26.0,-16.31,-31.88,310.38672437,258.0,50.0,1476285.0,0.0,44.0,
RZC0746,15.0,38.0,33.0,43.0,26.0,-14.58,-29.84,534.192573169,348.0,277.0,8186244.0,218.0,147.0,
MDM0976,41.0,40.0,38.0,20.0,31.0,-10.36,-26.04,196.636212666,122.0,8.0,207656.0,0.0,8.0,
XBN0229,34.0,16.0,17.0,40.0,29.0,-18.75,-20.35,180.10305299,128.0,8.0,201136.0,9.0,8.0,
SMH0291,23.0,22.0,10.0,24.0,32.0,-10.56,-11.43,169.406699523,122.0,26.0,773693.0,5.0,25.0,
MHG0244,42.0,46.0,21.0,15.0,22.0,-15.88,-29.07,238.993100683,146.0,88.0,2612129.0,0.0,69.0,
RAS0432,44.0,47.0,40.0,41.0,16.0,-24.51,-45.77,656.065402849,326.0,42.0,1151219.0,48.0,37.0,
EIP0997,42.0,28.0,20.0,25.0,34.0,-14.67,-19.49,286.510849758,236.0,168.0,4987144.0,0.0,98.0,
EMW0772,46.0,41.0,20.0,12.0,28.0,-13.8,-23.7,77.4106601397,46.0,17.0,521790.0,9.0,16.0,
SBQ0786,41.0,17.0,19.0,44.0,34.0,-21.03,-22.07,183.560522214,132.0,7.0,210850.0,7.0,6.0,
PDH0716,40.0,16.0,14.0,10.0,24.0,-9.6,-11.54,85.9176249733,62.0,5.0,160241.0,5.0,5.0,
GZB0469,46.0,39.0,22.0,45.0,28.0,-27.17,-36.59,94.5477935086,46.0,7.0,231089.0,3.0,7.0,
NMB0972,45.0,22.0,17.0,20.0,29.0,-14.41,-17.54,40.3856410126,30.0,7.0,223982.0,0.0,7.0,
ONL0276,48.0,46.0,17.0,41.0,20.0,-30.34,-41.69,254.592151396,172.0,9.0,260589.0,0.0,9.0,
MBJ0312,22.0,45.0,49.0,12.0,26.0,-0.47,-23.88,727.86018012,428.0,189.0,5682945.0,185.0,116.0,
DRR0242,39.0,19.0,40.0,41.0,33.0,-14.45,-24.21,558.430338005,324.0,159.0,4815219.0,40.0,104.0,
AJH0175,19.0,19.0,16.0,33.0,37.0,-10.05,-11.17,398.403314101,248.0,157.0,4849471.0,48.0,94.0,
LQP0508,26.0,44.0,21.0,40.0,27.0,-20.31,-32.09,169.59412995,166.0,63.0,1816952.0,38.0,50.0,
DVW0103,40.0,45.0,44.0,21.0,29.0,-10.27,-30.06,332.711679894,196.0,11.0,318572.0,0.0,8.0,
SMB0804,38.0,10.0,19.0,36.0,33.0,-15.81,-15.43,161.312933899,80.0,4.0,95835.0,0.0,4.0,
KBG0549,16.0,19.0,37.0,10.0,32.0,4.79,-5.86,250.131130519,148.0,105.0,3186459.0,79.0,75.0,
BAH0875,43.0,19.0,26.0,17.0,30.0,-9.55,-15.1,396.307181946,290.0,192.0,5671156.0,48.0,103.0,
SLT0907,16.0,15.0,43.0,27.0,27.0,-1.58,-14.14,155.987847773,122.0,31.0,966059.0,34.0,27.0,
JAV0361,36.0,45.0,40.0,45.0,33.0,-19.43,-36.54,294.61793715,206.0,42.0,1371207.0,29.0,31.0,
COM0321,38.0,18.0,34.0,18.0,27.0,-7.04,-16.19,423.903653442,332.0,167.0,5104487.0,0.0,107.0,
CCC0393,35.0,30.0,40.0,16.0,26.0,-5.94,-21.09,234.547866486,144.0,8.0,227692.0,0.0,7.0,
QSV0778,17.0,23.0,36.0,35.0,33.0,-6.91,-17.53,83.5300716656,62.0,15.0,475486.0,0.0,15.0,
BMC0547,41.0,18.0,22.0,21.0,35.0,-10.31,-12.97,262.129471563,236.0,132.0,4023920.0,0.0,88.0,
AWM0764,47.0,37.0,39.0,42.0,36.0,-19.69,-33.01,102.53116781,86.0,16.0,471676.0,7.0,15.0,
FXF0957,35.0,25.0,47.0,36.0,28.0,-11.51,-26.99,20.1246117975,30.0,7.0,159864.0,3.0,7.0,
SVS0871,23.0,15.0,34.0,28.0,33.0,-4.92,-12.4,343.754135774,246.0,162.0,4723547.0,171.0,97.0,
DJS0682,22.0,23.0,36.0,13.0,30.0,0.33,-11.17,217.653848101,176.0,123.0,3592403.0,0.0,83.0,
NHE0919,25.0,16.0,32.0,21.0,24.0,-5.33,-14.46,334.028128636,208.0,12.0,323146.0,14.0,10.0,
MPT0376,19.0,37.0,41.0,48.0,35.0,-13.61,-29.18,297.308323663,168.0,9.0,217064.0,8.0,9.0,
AQD0820,41.0,31.0,27.0,24.0,39.0,-11.47,-18.64,316.983711247,260.0,116.0,3472227.0,55.0,84.0,
YEV0793,40.0,37.0,42.0,15.0,22.0,-8.59,-27.13,264.86176773,172.0,9.0,257720.0,15.0,8.0,
ZCF0590,42.0,42.0,42.0,25.0,31.0,-12.13,-29.7,69.8782352532,46.0,3.0,89805.0,0.0,3.0,
KQC0708,34.0,18.0,39.0,42.0,23.0,-15.87,-27.51,111.977529331,62.0,6.0,184127.0,0.0,6.0,
CQH0701,35.0,50.0,39.0,50.0,32.0,-22.57,-40.89,37.9209704517,30.0,4.0,97182.0,0.0,4.0,
PDW0259,43.0,32.0,38.0,36.0,33.0,-16.08,-28.64,396.539134344,280.0,149.0,4455790.0,49.0,95.0,
FWM0707,50.0,36.0,35.0,18.0,34.0,-11.59,-23.94,21.0950231097,30.0,2.0,44335.0,0.0,2.0,
HDS0367,50.0,42.0,16.0,30.0,19.0,-26.06,-36.27,88.2820013218,78.0,34.0,1044436.0,34.0,26.0,
SER0165,20.0,15.0,24.0,17.0,27.0,-3.23,-8.76,334.367506768,188.0,15.0,436167.0,0.0,15.0,
SBD0913,45.0,16.0,19.0,19.0,42.0,-9.4,-8.62,98.9558858683,46.0,11.0,347980.0,13.0,11.0,
JKF0465,10.0,37.0,12.0,17.0,32.0,-5.55,-12.15,67.5733464465,46.0,4.0,119841.0,0.0,4.0,
BNR0965,47.0,19.0,15.0,20.0,22.0,-16.71,-19.77,42.6731765867,30.0,3.0,92226.0,3.0,3.0,
ASV0946,35.0,12.0,46.0,17.0,26.0,-1.99,-14.3,96.5289630017,74.0,9.0,295353.0,10.0,9.0,
KNG0672,21.0,40.0,18.0,20.0,27.0,-10.32,-20.52,254.520945861,178.0,113.0,3218229.0,88.0,86.0,
NNA0610,21.0,35.0,18.0,43.0,26.0,-19.65,-28.22,410.422867439,302.0,136.0,3933450.0,0.0,86.0,
KQS0415,35.0,42.0,13.0,14.0,34.0,-11.83,-18.55,257.108681369,202.0,68.0,2155392.0,29.0,51.0,
MHH0180,19.0,41.0,35.0,10.0,29.0,-0.85,-17.46,101.346917041,48.0,3.0,89143.0,1.0,3.0,
EGD0132,37.0,38.0,33.0,15.0,22.0,-10.1,-25.74,65.4674618982,60.0,12.0,304972.0,3.0,12.0,
VTT0385,14.0,26.0,17.0,36.0,28.0,-12.87,-18.58,113.317791799,72.0,4.0,99351.0,0.0,4.0,
ASG0692,26.0,40.0,41.0,23.0,27.0,-7.36,-25.76,261.321440101,224.0,123.0,3645311.0,38.0,82.0,
WPR0368,48.0,34.0,40.0,17.0,31.0,-9.71,-24.16,508.03493504,294.0,61.0,1814424.0,27.0,48.0,
HAV0121,46.0,43.0,38.0,37.0,27.0,-20.61,-37.46,305.712299206,198.0,194.0,5640131.0,0.0,118.0,
HCC0344,25.0,11.0,41.0,26.0,22.0,-4.91,-16.33,117.540474582,56.0,3.0,67796.0,4.0,3.0,
UBF0645,34.0,20.0,34.0,23.0,31.0,-7.35,-16.24,147.00349855,128.0,24.0,798915.0,0.0,22.0,
TSR0676,43.0,40.0,26.0,19.0,33.0,-13.05,-23.75,144.601758041,130.0,95.0,2796697.0,61.0,73.0,
NKH0979,30.0,39.0,42.0,22.0,35.0,-5.8,-22.27,237.742701833,144.0,9.0,233295.0,8.0,9.0,
SXM0895,14.0,18.0,15.0,33.0,25.0,-11.52,-15.0,338.393676069,246.0,60.0,1881680.0,18.0,52.0,
KCS0173,39.0,20.0,50.0,20.0,30.0,-3.8,-18.65,465.405200615,308.0,189.0,5726598.0,169.0,122.0,
CCA0046,36.0,43.0,25.0,15.0,28.0,-11.16,-23.91,299.262078091,290.0,663.0,20055603.0,515.0,157.0,
PMV0850,23.0,39.0,12.0,42.0,23.0,-22.68,-30.76,26.4007575649,30.0,6.0,190876.0,3.0,6.0,
PKB0281,39.0,12.0,44.0,26.0,25.0,-7.8,-19.22,318.747105312,164.0,140.0,4362264.0,0.0,95.0,
MIC0726,32.0,41.0,43.0,17.0,23.0,-7.2,-27.36,336.953582042,296.0,208.0,6368106.0,169.0,109.0,
SDO0170,35.0,47.0,22.0,45.0,26.0,-25.63,-38.3,343.558445299,212.0,145.0,4203367.0,132.0,99.0,
VAA0087,36.0,44.0,42.0,18.0,23.0,-9.56,-29.97,256.748578677,188.0,196.0,5917758.0,161.0,109.0,
ELB0847,12.0,17.0,16.0,19.0,28.0,-3.77,-7.03,61.6639298715,46.0,8.0,226252.0,1.0,8.0,
SBK0161,14.0,27.0,23.0,41.0,39.0,-11.04,-16.62,475.536862154,282.0,17.0,505161.0,8.0,15.0,
ASL0378,15.0,15.0,41.0,21.0,27.0,0.8,-11.19,410.461884495,236.0,12.0,425705.0,13.0,12.0,
TLM0797,43.0,42.0,34.0,23.0,36.0,-12.37,-25.82,171.844700104,120.0,8.0,277390.0,10.0,8.0,
SOF0808,45.0,40.0,38.0,22.0,27.0,-13.38,-29.74,316.495952248,232.0,130.0,4147910.0,86.0,91.0,
SGM0021,41.0,12.0,26.0,41.0,33.0,-17.43,-19.95,269.65439146,144.0,8.0,264597.0,15.0,8.0,
MYD0978,39.0,32.0,36.0,13.0,32.0,-5.73,-18.44,186.683493481,114.0,7.0,217885.0,2.0,7.0,
FBA0348,41.0,44.0,40.0,36.0,27.0,-18.34,-36.48,272.782462648,170.0,51.0,1519134.0,0.0,44.0,
ARL0034,41.0,39.0,27.0,21.0,26.0,-14.58,-27.04,282.449988585,144.0,11.0,395680.0,11.0,11.0,
YJF0532,40.0,35.0,23.0,47.0,26.0,-25.82,-35.21,210.696638083,214.0,73.0,2432909.0,54.0,57.0,
RJM0381,41.0,47.0,44.0,41.0,25.0,-20.45,-41.27,408.560491353,200.0,12.0,339610.0,15.0,12.0,
VSS0154,43.0,49.0,10.0,40.0,30.0,-28.24,-35.81,417.401344034,176.0,12.0,304285.0,18.0,12.0,
JMW0638,43.0,21.0,30.0,18.0,30.0,-9.3,-16.87,171.074704503,132.0,27.0,748871.0,11.0,26.0,
IKR0401,40.0,42.0,24.0,16.0,29.0,-12.64,-24.29,330.89927524,184.0,10.0,308743.0,8.0,10.0,
EMS0317,15.0,21.0,44.0,10.0,31.0,6.28,-7.8,519.640998899,312.0,119.0,3352402.0,54.0,80.0,
FTM0406,31.0,15.0,38.0,16.0,34.0,-0.92,-9.49,176.212525974,126.0,75.0,2257688.0,0.0,59.0,
RAR0725,32.0,32.0,25.0,20.0,35.0,-8.67,-16.83,0.0,0.0,0.0,0.0,0.0,0.0,
MNS0224,46.0,21.0,22.0,45.0,30.0,-23.81,-27.73,404.57915955,322.0,524.0,15961486.0,278.0,157.0,
WVB0539,43.0,16.0,18.0,42.0,31.0,-21.58,-22.6,266.702493956,202.0,87.0,2594764.0,21.0,62.0,
SSG0250,35.0,40.0,20.0,36.0,25.0,-21.38,-31.76,222.550079682,198.0,137.0,4187313.0,153.0,95.0,
MLM0950,24.0,20.0,29.0,23.0,36.0,-4.4,-10.79,54.7028028536,46.0,5.0,136572.0,7.0,5.0,
HPH0075,40.0,42.0,48.0,25.0,28.0,-10.75,-31.33,580.239801008,346.0,174.0,5304750.0,176.0,131.0,
VMJ0546,20.0,37.0,29.0,39.0,26.0,-15.2,-28.53,270.083072011,204.0,142.0,4598207.0,156.0,92.0,
NLO0131,19.0,13.0,46.0,40.0,29.0,-6.52,-18.76,219.705419981,122.0,18.0,525964.0,0.0,18.0,
PES0085,35.0,24.0,18.0,30.0,22.0,-17.46,-23.43,259.508359033,220.0,196.0,5832744.0,207.0,111.0,
OHC0973,42.0,24.0,42.0,17.0,35.0,-4.85,-16.62,93.1669703257,62.0,6.0,185834.0,0.0,6.0,
NMF0780,44.0,38.0,36.0,20.0,34.0,-10.72,-24.26,111.617551933,98.0,18.0,526750.0,9.0,18.0,
LEM0605,46.0,50.0,40.0,39.0,26.0,-22.33,-42.07,537.135899159,314.0,151.0,4507391.0,87.0,89.0,
BEC0505,35.0,21.0,30.0,19.0,32.0,-6.85,-14.34,354.699884682,286.0,64.0,1886175.0,40.0,47.0,
OLF0504,41.0,43.0,20.0,41.0,31.0,-24.37,-33.81,258.467775371,218.0,68.0,2077346.0,0.0,53.0,
KVS0425,20.0,19.0,21.0,30.0,35.0,-8.29,-11.73,187.284688504,134.0,63.0,1762576.0,49.0,48.0,
AJR0319,40.0,13.0,37.0,16.0,24.0,-5.95,-15.44,687.431753989,376.0,226.0,6830108.0,182.0,145.0,
DLS0383,10.0,21.0,12.0,25.0,24.0,-8.35,-12.15,142.086102835,72.0,4.0,118006.0,3.0,4.0,
BCR0581,20.0,11.0,34.0,36.0,30.0,-7.54,-14.58,45.046173497,58.0,2.0,114703.0,3.0,2.0,
LDB0090,40.0,14.0,39.0,41.0,34.0,-13.96,-21.67,329.607421378,184.0,230.0,6705317.0,40.0,121.0,
GAF0570,31.0,15.0,38.0,46.0,35.0,-13.58,-21.32,366.359078192,194.0,25.0,761005.0,24.0,22.0,
NNS0059,42.0,23.0,48.0,23.0,25.0,-8.17,-24.06,195.336379031,128.0,7.0,224390.0,7.0,7.0,
JRL0574,19.0,26.0,35.0,47.0,40.0,-11.72,-20.86,32.109188716,30.0,1.0,31794.0,0.0,1.0,
NSS0876,26.0,20.0,25.0,42.0,31.0,-15.37,-20.95,544.787230311,430.0,255.0,7424537.0,0.0,127.0,
SOB0586,45.0,35.0,23.0,24.0,30.0,-16.47,-25.15,27.8747197295,30.0,1.0,37576.0,0.0,1.0,
DDA0476,36.0,25.0,39.0,13.0,39.0,-1.28,-11.68,387.727265592,278.0,71.0,2119995.0,19.0,55.0,
DEB0782,42.0,47.0,32.0,21.0,36.0,-12.51,-26.71,136.387878345,98.0,21.0,557628.0,25.0,19.0,
OLW0689,22.0,25.0,40.0,35.0,27.0,-9.17,-22.96,218.146796547,140.0,153.0,4726578.0,141.0,106.0,
MMG0943,23.0,27.0,28.0,34.0,26.0,-12.6,-22.71,203.613569931,154.0,98.0,2987485.0,127.0,73.0,
RNL0695,47.0,41.0,44.0,19.0,36.0,-9.19,-25.94,381.035054737,256.0,140.0,4028442.0,68.0,96.0,
LNR0656,25.0,39.0,12.0,30.0,23.0,-18.12,-26.34,102.091174422,108.0,27.0,838671.0,0.0,26.0,
AMJ0297,16.0,43.0,50.0,18.0,28.0,-0.2,-23.14,158.93036651,106.0,13.0,413120.0,0.0,13.0,
HRL0540,43.0,38.0,17.0,40.0,18.0,-27.61,-37.45,400.767128415,240.0,59.0,1679168.0,58.0,49.0,
DLF0377,39.0,35.0,19.0,27.0,34.0,-16.0,-22.52,176.490986902,136.0,9.0,282925.0,8.0,9.0,
TPH0474,44.0,39.0,14.0,21.0,35.0,-16.57,-22.0,138.887902373,120.0,6.0,184976.0,0.0,6.0,
KCF0045,40.0,39.0,16.0,27.0,31.0,-18.41,-25.58,347.055881116,354.0,617.0,18341550.0,341.0,162.0,
BIS0247,36.0,19.0,18.0,39.0,37.0,-17.23,-18.12,222.39213242,154.0,93.0,2883670.0,34.0,76.0,
EFS0882,40.0,40.0,47.0,25.0,27.0,-10.92,-30.8,223.020911169,242.0,53.0,1577555.0,0.0,45.0,
NWK0215,21.0,19.0,45.0,18.0,24.0,-0.07,-15.11,426.178118793,220.0,14.0,359988.0,15.0,13.0,
CSH0626,33.0,17.0,41.0,18.0,23.0,-4.59,-17.22,376.378389115,310.0,187.0,5453542.0,160.0,110.0,
BHW0458,36.0,32.0,28.0,30.0,29.0,-14.86,-25.11,38.953386957,60.0,5.0,148240.0,1.0,5.0,
SSH0799,23.0,18.0,31.0,31.0,40.0,-5.76,-11.3,226.661228745,152.0,8.0,304997.0,1.0,8.0,
CAS0507,14.0,46.0,33.0,11.0,25.0,-2.04,-20.46,235.773777792,166.0,48.0,1453038.0,50.0,41.0,
DID0650,45.0,21.0,17.0,42.0,21.0,-25.63,-29.88,123.191762538,104.0,22.0,664153.0,0.0,21.0,
KAT0270,21.0,24.0,39.0,23.0,27.0,-3.8,-17.23,95.6578836613,60.0,3.0,106161.0,0.0,3.0,
TEM0977,22.0,19.0,40.0,45.0,29.0,-12.03,-23.48,241.013483653,128.0,8.0,253963.0,0.0,8.0,
SHR0334,36.0,41.0,45.0,19.0,31.0,-6.84,-25.66,29.6141857899,16.0,1.0,29087.0,0.0,1.0,
JDC0030,31.0,18.0,19.0,21.0,26.0,-10.22,-14.34,250.991827057,168.0,11.0,288804.0,14.0,11.0,
CKP0721,40.0,39.0,39.0,13.0,32.0,-6.4,-22.13,50.6850096015,46.0,5.0,170085.0,0.0,5.0,
HIA0414,38.0,39.0,39.0,18.0,31.0,-8.19,-24.15,157.167367546,126.0,73.0,2201413.0,51.0,57.0,
HSP0290,38.0,15.0,28.0,20.0,27.0,-8.92,-14.97,139.524124537,130.0,12.0,389785.0,7.0,12.0,
HRW0550,38.0,34.0,24.0,22.0,28.0,-13.58,-23.2,208.804564775,196.0,151.0,4467794.0,99.0,97.0,
KBB0189,49.0,23.0,16.0,33.0,30.0,-21.37,-23.72,247.659936657,144.0,9.0,260839.0,7.0,8.0,
CBB0365,37.0,17.0,20.0,41.0,33.0,-18.53,-20.43,286.763497706,158.0,45.0,1359256.0,28.0,35.0,
DLH0029,36.0,26.0,38.0,18.0,31.0,-5.76,-17.81,236.325733763,160.0,9.0,266130.0,2.0,8.0,
NRO0768,18.0,18.0,41.0,25.0,36.0,-0.14,-10.67,80.6980518433,46.0,26.0,799057.0,13.0,24.0,
NWT0098,35.0,39.0,26.0,36.0,33.0,-17.8,-28.28,74.140983112,72.0,4.0,118560.0,2.0,4.0,
QPM0727,43.0,40.0,18.0,34.0,34.0,-21.26,-28.47,345.362913307,264.0,199.0,6021323.0,0.0,104.0,
KVT0028,44.0,20.0,35.0,19.0,37.0,-6.94,-14.4,268.913017476,136.0,8.0,276739.0,1.0,8.0,
LFS0071,48.0,31.0,14.0,17.0,25.0,-17.17,-22.54,256.38027557,192.0,108.0,3301427.0,0.0,82.0,
WNB0908,38.0,38.0,38.0,22.0,23.0,-11.92,-28.99,153.485410873,178.0,62.0,1798196.0,56.0,55.0,
PAD0773,36.0,21.0,14.0,16.0,38.0,-8.42,-8.62,89.0831566099,98.0,21.0,605189.0,7.0,21.0,
BJH0354,22.0,21.0,31.0,20.0,36.0,-2.17,-9.74,386.191290292,306.0,65.0,2026368.0,0.0,52.0,
ONW0083,46.0,30.0,25.0,30.0,26.0,-19.01,-27.78,165.240556524,166.0,94.0,2792697.0,61.0,74.0,
SSJ0784,19.0,39.0,12.0,45.0,34.0,-20.13,-25.82,134.749751425,78.0,22.0,713810.0,18.0,21.0,
KJP0371,36.0,21.0,25.0,15.0,30.0,-7.16,-13.29,151.659096507,122.0,45.0,1306666.0,68.0,33.0,
IMB0481,19.0,41.0,38.0,43.0,38.0,-12.13,-27.12,498.798081653,274.0,44.0,1194518.0,16.0,39.0,
BTR0403,47.0,47.0,21.0,17.0,28.0,-16.96,-28.76,253.362620558,152.0,8.0,265053.0,3.0,8.0,
DLM0051,37.0,37.0,17.0,20.0,35.0,-12.97,-19.32,558.350783096,378.0,21.0,634440.0,11.0,19.0,
AHM0410,34.0,43.0,15.0,18.0,26.0,-14.83,-24.38,285.870562867,182.0,78.0,2295731.0,88.0,63.0,
CHM0821,48.0,11.0,39.0,19.0,23.0,-9.06,-18.5,113.772379996,62.0,9.0,236122.0,2.0,9.0,
JBM0350,37.0,21.0,12.0,45.0,25.0,-24.81,-26.63,379.197505063,240.0,13.0,294970.0,6.0,13.0,
JRG0207,42.0,37.0,40.0,21.0,27.0,-11.07,-27.5,413.871621742,260.0,16.0,532899.0,8.0,16.0,
PLH0862,32.0,37.0,25.0,16.0,32.0,-8.47,-18.8,494.001411152,398.0,168.0,5172755.0,0.0,99.0,
RCP0785,42.0,38.0,43.0,30.0,32.0,-13.15,-29.64,90.563236053,70.0,15.0,414639.0,0.0,15.0,
NSC0597,19.0,13.0,11.0,44.0,31.0,-16.51,-15.26,56.8994261022,46.0,5.0,159362.0,3.0,5.0,
AVM0947,10.0,25.0,30.0,44.0,39.0,-9.06,-16.81,26.0768096208,30.0,5.0,147100.0,1.0,5.0,
MSZ0310,24.0,38.0,18.0,31.0,29.0,-15.15,-23.96,298.624085963,244.0,150.0,4500431.0,58.0,97.0,
SDB0106,35.0,46.0,26.0,27.0,37.0,-14.09,-25.79,157.081425857,120.0,112.0,3390364.0,91.0,88.0,
HAC0282,37.0,32.0,38.0,12.0,28.0,-5.16,-19.65,322.875830127,232.0,139.0,4009144.0,113.0,98.0,
HSB0196,44.0,13.0,43.0,30.0,33.0,-9.51,-18.67,321.522216665,144.0,12.0,357739.0,12.0,12.0,
ASB0796,30.0,40.0,23.0,38.0,34.0,-17.83,-27.46,180.431965062,124.0,7.0,204964.0,0.0,7.0,
WRM0963,17.0,23.0,43.0,31.0,22.0,-6.08,-21.9,0.0,0.0,0.0,0.0,0.0,0.0,
BRM0995,20.0,11.0,32.0,26.0,40.0,-1.34,-5.54,286.471551029,142.0,210.0,6119510.0,185.0,116.0,
SES0477,38.0,40.0,13.0,39.0,29.0,-24.36,-31.02,393.684160776,254.0,78.0,2363128.0,58.0,62.0,
RNF0765,41.0,22.0,37.0,41.0,25.0,-18.2,-29.43,52.5554557903,54.0,17.0,458972.0,0.0,16.0,
GNZ0953,26.0,18.0,26.0,36.0,29.0,-12.7,-18.67,72.6228065807,74.0,8.0,237000.0,6.0,8.0,
HRB0351,19.0,12.0,43.0,42.0,36.0,-6.29,-15.49,697.335221566,366.0,134.0,3895126.0,43.0,96.0,
ZSB0649,23.0,25.0,36.0,14.0,26.0,-1.68,-14.59,239.623855243,168.0,36.0,1060362.0,50.0,34.0,
ADC0391,50.0,43.0,40.0,33.0,38.0,-16.95,-31.89,211.89434021,96.0,7.0,257262.0,7.0,7.0,
PMC0328,20.0,43.0,10.0,36.0,33.0,-17.94,-24.37,38.2361085886,16.0,1.0,35538.0,0.0,1.0,
ILJ0526,33.0,50.0,23.0,46.0,25.0,-25.93,-40.12,224.153833049,190.0,64.0,2013868.0,65.0,54.0,
ANT0430,12.0,19.0,23.0,48.0,31.0,-14.09,-19.23,289.542714403,174.0,36.0,1074300.0,33.0,29.0,
DFH0188,35.0,40.0,18.0,38.0,24.0,-22.98,-32.81,137.659960192,100.0,5.0,158410.0,0.0,5.0,
LLV0602,36.0,10.0,36.0,37.0,33.0,-11.39,-17.38,492.89110117,350.0,185.0,5582756.0,51.0,108.0,
GCR0554,16.0,16.0,41.0,23.0,37.0,1.88,-8.0,450.921495743,268.0,162.0,5146498.0,156.0,106.0,
SJO0209,39.0,45.0,18.0,39.0,35.0,-22.77,-31.25,586.204100802,380.0,23.0,614915.0,22.0,21.0,
NGC0058,44.0,45.0,39.0,15.0,27.0,-10.62,-28.94,443.252047073,216.0,14.0,386669.0,11.0,14.0,
YIC0195,18.0,49.0,19.0,40.0,31.0,-18.25,-30.17,261.841881965,112.0,7.0,175644.0,10.0,6.0,
EDB0714,21.0,23.0,35.0,26.0,29.0,-5.45,-16.6,19.3390796058,30.0,8.0,237088.0,3.0,8.0,
LHL0309,19.0,34.0,27.0,46.0,37.0,-15.29,-24.42,532.609885654,340.0,181.0,5385798.0,87.0,115.0,
HFB0347,34.0,20.0,30.0,30.0,27.0,-12.32,-20.51,117.736665756,108.0,5.0,143472.0,2.0,5.0,
EJW0884,46.0,20.0,32.0,26.0,31.0,-12.74,-20.23,245.734749059,226.0,61.0,1717000.0,7.0,57.0,
CRO0027,19.0,30.0,28.0,46.0,26.0,-17.04,-27.95,445.794342836,258.0,18.0,545522.0,5.0,18.0,
HKR0628,21.0,16.0,17.0,16.0,25.0,-5.49,-9.14,413.718092902,286.0,167.0,4929526.0,154.0,99.0,
GTD0116,43.0,19.0,45.0,20.0,31.0,-5.85,-18.14,525.740917759,304.0,261.0,7888937.0,72.0,144.0,
DSB0731,26.0,15.0,40.0,43.0,30.0,-11.49,-21.43,405.86836832,292.0,205.0,6095447.0,119.0,106.0,
COF0120,14.0,12.0,38.0,13.0,35.0,6.19,-2.22,393.932949885,190.0,249.0,7536681.0,222.0,142.0,
HDJ0446,18.0,17.0,45.0,27.0,35.0,-0.08,-12.0,84.9116197843,58.0,4.0,152105.0,0.0,4.0,
CHG0146,40.0,20.0,39.0,19.0,35.0,-5.22,-14.82,280.504589328,146.0,9.0,269338.0,1.0,8.0,
AIH0675,25.0,39.0,38.0,40.0,37.0,-12.56,-26.98,351.434750804,238.0,137.0,4126868.0,99.0,97.0,
TNM0961,37.0,50.0,39.0,17.0,32.0,-8.98,-27.86,143.005609196,78.0,7.0,212515.0,10.0,7.0,
APG0307,43.0,39.0,36.0,43.0,22.0,-23.35,-39.52,70.531646572,90.0,21.0,638363.0,13.0,21.0,
RHC0335,36.0,35.0,40.0,46.0,25.0,-20.18,-36.31,104.191418023,60.0,3.0,88657.0,0.0,3.0,
CQW0652,10.0,22.0,48.0,20.0,33.0,4.8,-10.63,219.97319666,116.0,36.0,1098511.0,0.0,29.0,
XHW0498,37.0,47.0,48.0,23.0,35.0,-8.11,-28.67,476.523327098,294.0,62.0,1733492.0,72.0,48.0,
IJW0851,21.0,10.0,10.0,18.0,34.0,-4.98,-2.25,420.207296775,250.0,178.0,5480479.0,0.0,98.0,
NAR0981,39.0,39.0,16.0,50.0,36.0,-26.8,-32.41,68.8491883671,56.0,3.0,102333.0,0.0,3.0,
NUL0471,35.0,38.0,38.0,26.0,37.0,-9.38,-23.3,63.0173459302,76.0,5.0,118453.0,5.0,5.0,
BSS0369,39.0,42.0,34.0,14.0,32.0,-8.26,-23.01,171.755563318,122.0,51.0,1446616.0,21.0,36.0,
MIB0904,22.0,21.0,34.0,38.0,25.0,-11.8,-22.65,204.614933258,198.0,47.0,1519169.0,69.0,39.0,
HBB0056,37.0,33.0,30.0,21.0,27.0,-11.43,-23.29,238.03670566,170.0,11.0,339418.0,7.0,11.0,
MCJ0324,28.0,20.0,40.0,20.0,36.0,-1.56,-11.88,359.823676329,252.0,192.0,5814135.0,113.0,114.0,
HDH0928,40.0,36.0,20.0,40.0,26.0,-23.72,-32.42,160.641030403,96.0,7.0,222212.0,14.0,7.0,
HXL0968,45.0,21.0,35.0,40.0,34.0,-17.15,-25.11,109.13469,62.0,8.0,273802.0,11.0,8.0,
MOH0273,39.0,40.0,47.0,50.0,26.0,-21.61,-41.27,169.355779147,100.0,5.0,129889.0,0.0,5.0,
KNW0644,15.0,20.0,23.0,15.0,25.0,-2.4,-9.71,207.421084894,140.0,28.0,955119.0,14.0,25.0,
CGA0629,36.0,35.0,24.0,49.0,28.0,-24.75,-34.21,387.454400845,330.0,177.0,5257412.0,0.0,109.0,
NMS0280,39.0,42.0,26.0,37.0,27.0,-21.35,-33.83,79.0319013592,76.0,31.0,1015978.0,41.0,28.0,
THD0448,41.0,32.0,29.0,38.0,32.0,-18.83,-28.35,51.63547426,46.0,2.0,44616.0,0.0,2.0,
SPA0141,43.0,22.0,10.0,21.0,29.0,-15.99,-16.61,375.619839824,184.0,13.0,363059.0,12.0,13.0,
LPC0492,30.0,23.0,22.0,30.0,26.0,-13.84,-20.34,340.731719791,306.0,78.0,2342818.0,61.0,60.0,
BTN0061,42.0,21.0,22.0,20.0,22.0,-13.78,-20.24,165.194382578,112.0,6.0,170982.0,5.0,6.0,
HGH0595,41.0,14.0,22.0,39.0,29.0,-18.85,-21.41,0.0,0.0,0.0,0.0,0.0,0.0,
BAM0611,25.0,30.0,39.0,23.0,25.0,-6.44,-21.81,427.936992044,322.0,210.0,6347219.0,193.0,112.0,
KKC0683,32.0,37.0,37.0,48.0,35.0,-18.51,-31.95,288.940806956,220.0,199.0,5879708.0,0.0,116.0,
BBS0422,39.0,42.0,29.0,41.0,18.0,-24.48,-40.06,238.918633557,186.0,94.0,2795084.0,93.0,74.0,
HDL0748,25.0,13.0,46.0,41.0,25.0,-9.71,-22.55,573.281104647,340.0,199.0,6139667.0,0.0,99.0,
NRD0548,41.0,37.0,41.0,15.0,31.0,-6.98,-23.03,236.112873731,148.0,134.0,4066823.0,0.0,89.0,
DCC0160,36.0,39.0,33.0,42.0,27.0,-20.37,-34.65,362.898103506,290.0,15.0,427771.0,10.0,15.0,
MES0407,38.0,44.0,25.0,47.0,37.0,-23.52,-33.74,150.965490444,110.0,65.0,1884559.0,78.0,53.0,
LMF0980,42.0,45.0,12.0,44.0,35.0,-27.32,-33.33,294.516730181,136.0,8.0,214761.0,5.0,8.0,
BMM0112,40.0,36.0,24.0,40.0,25.0,-22.96,-33.37,80.3991314057,104.0,38.0,1162926.0,23.0,37.0,
LTS0860,48.0,20.0,29.0,20.0,31.0,-11.51,-17.91,366.381880213,222.0,172.0,4961988.0,56.0,99.0,
AOK0844,11.0,30.0,44.0,26.0,31.0,-0.84,-17.32,120.225346297,62.0,7.0,203946.0,2.0,7.0,
ESJ0670,42.0,31.0,15.0,40.0,24.0,-25.25,-31.06,263.088474589,198.0,142.0,3957359.0,48.0,111.0,
AAF0791,14.0,40.0,40.0,50.0,34.0,-13.94,-30.42,278.65587547,120.0,7.0,203126.0,0.0,6.0,
KRL0501,18.0,27.0,23.0,28.0,26.0,-9.77,-18.4,275.999277282,226.0,55.0,1537911.0,0.0,44.0,
SAC0592,24.0,18.0,23.0,42.0,26.0,-16.15,-21.68,72.7573192712,62.0,3.0,59928.0,7.0,3.0,
UCS0227,22.0,32.0,41.0,35.0,34.0,-8.36,-22.87,105.648699391,80.0,4.0,135816.0,0.0,4.0,
JCR0770,40.0,47.0,24.0,21.0,27.0,-16.07,-29.48,42.5585239599,46.0,15.0,436859.0,24.0,15.0,
ICS0956,22.0,20.0,18.0,35.0,26.0,-14.11,-18.59,72.6397870855,62.0,7.0,176272.0,2.0,7.0,
MKW0441,15.0,25.0,45.0,20.0,34.0,2.31,-12.37,216.437600982,134.0,10.0,305303.0,15.0,10.0,
TSM0927,33.0,21.0,10.0,37.0,26.0,-20.43,-21.64,308.763753727,168.0,10.0,326998.0,7.0,10.0,
OJK0233,40.0,36.0,14.0,22.0,33.0,-15.8,-21.03,370.783412236,216.0,13.0,386898.0,15.0,13.0,
SMW0084,20.0,37.0,39.0,48.0,27.0,-16.33,-32.95,293.354402932,166.0,125.0,3956926.0,53.0,93.0,
BEH0615,24.0,20.0,50.0,22.0,26.0,-1.12,-17.6,679.651291357,358.0,195.0,5786926.0,185.0,115.0,
ADF0397,39.0,16.0,10.0,40.0,35.0,-20.56,-17.94,237.07923531,120.0,8.0,241142.0,2.0,8.0,
NJC0705,43.0,39.0,29.0,36.0,31.0,-19.93,-31.58,21.400934559,30.0,6.0,244785.0,1.0,6.0,
BYP0070,30.0,19.0,41.0,21.0,33.0,-2.9,-13.88,202.567752566,140.0,125.0,3622894.0,0.0,85.0,
JMD0520,21.0,45.0,16.0,38.0,29.0,-18.88,-28.92,200.386322989,166.0,71.0,2202701.0,48.0,59.0,
LAF0991,40.0,39.0,36.0,22.0,34.0,-10.54,-24.52,213.834140993,158.0,206.0,6033212.0,257.0,115.0,
KBS0874,23.0,39.0,37.0,33.0,29.0,-11.12,-27.25,392.905740125,322.0,175.0,5273087.0,226.0,105.0,
GHH0288,12.0,36.0,40.0,36.0,30.0,-7.64,-24.3,133.565753948,106.0,19.0,582774.0,25.0,19.0,
TAC0300,15.0,38.0,18.0,18.0,36.0,-5.18,-13.09,144.019891023,106.0,20.0,557732.0,0.0,20.0,
JAJ0849,22.0,24.0,23.0,23.0,33.0,-6.66,-12.74,93.3895951213,62.0,7.0,195835.0,14.0,7.0,
NOB0181,31.0,21.0,21.0,41.0,25.0,-19.04,-24.57,122.118312621,64.0,4.0,108686.0,1.0,4.0,
DTP0379,45.0,42.0,15.0,37.0,27.0,-25.9,-34.01,103.928138755,80.0,4.0,128823.0,2.0,4.0,
CJM0138,10.0,40.0,21.0,17.0,23.0,-5.94,-18.78,168.494606455,114.0,23.0,685354.0,17.0,22.0,
FHS0837,23.0,37.0,14.0,42.0,34.0,-19.22,-24.95,65.2937443308,46.0,7.0,149537.0,0.0,7.0,
CAA0612,20.0,41.0,32.0,42.0,31.0,-15.18,-29.53,613.532338334,438.0,185.0,5641929.0,164.0,103.0,
ELT0769,19.0,20.0,20.0,27.0,35.0,-7.11,-10.57,115.941813094,90.0,29.0,865054.0,0.0,29.0,
KJW0416,50.0,46.0,39.0,41.0,30.0,-23.04,-40.13,320.400284765,178.0,79.0,2453319.0,0.0,68.0,
CTR0341,45.0,39.0,23.0,13.0,28.0,-12.86,-23.34,81.3265352104,56.0,3.0,88845.0,5.0,3.0,
DIC0988,44.0,30.0,23.0,21.0,32.0,-13.6,-20.53,93.1503160957,64.0,4.0,99541.0,0.0,4.0,
JJH0292,35.0,23.0,38.0,39.0,28.0,-14.73,-26.26,89.329976417,90.0,20.0,566202.0,39.0,20.0,
MJS0890,10.0,26.0,16.0,11.0,29.0,-0.93,-6.74,168.25916315,120.0,33.0,1042675.0,36.0,31.0,
TOR0193,30.0,40.0,25.0,45.0,30.0,-21.3,-32.45,268.462410173,130.0,9.0,239575.0,1.0,9.0,
SCB0534,20.0,18.0,35.0,22.0,29.0,-2.63,-12.51,114.045572413,150.0,52.0,1465577.0,0.0,41.0,
MDH0686,37.0,43.0,31.0,20.0,38.0,-9.71,-22.23,170.418118095,140.0,178.0,5407113.0,219.0,118.0,
JOM0750,35.0,46.0,25.0,40.0,29.0,-21.85,-34.76,292.579442632,252.0,178.0,5201166.0,0.0,95.0,
BRB0355,33.0,21.0,37.0,19.0,29.0,-5.22,-16.09,265.787822961,250.0,290.0,8930020.0,261.0,152.0,
MJM0510,32.0,33.0,22.0,18.0,39.0,-7.76,-14.21,237.775681286,210.0,65.0,1832066.0,87.0,54.0,
KJM0887,31.0,47.0,14.0,16.0,32.0,-12.52,-21.63,266.73794205,198.0,51.0,1473973.0,46.0,44.0,
CBG0398,40.0,21.0,41.0,10.0,24.0,-3.65,-16.98,315.609858286,204.0,12.0,353272.0,5.0,12.0,
TDS0984,39.0,39.0,15.0,40.0,38.0,-22.27,-27.25,438.914037728,232.0,15.0,404254.0,1.0,14.0,
LRR0148,21.0,19.0,14.0,14.0,29.0,-4.9,-7.4,609.933916554,288.0,18.0,555223.0,14.0,17.0,
ARB0834,40.0,42.0,40.0,49.0,26.0,-23.55,-41.15,20.4694894905,30.0,3.0,99025.0,1.0,3.0,
CLB0774,49.0,23.0,22.0,17.0,31.0,-12.75,-17.41,141.107206211,94.0,16.0,444340.0,29.0,16.0,
VEB0935,46.0,37.0,39.0,20.0,32.0,-10.89,-25.62,170.091917549,102.0,110.0,3205329.0,0.0,81.0,
MCT0720,34.0,12.0,20.0,22.0,37.0,-7.7,-7.81,20.9045449604,30.0,4.0,112172.0,0.0,4.0,
JDF0593,30.0,45.0,11.0,41.0,29.0,-24.12,-31.8,34.8998567332,30.0,1.0,24278.0,1.0,1.0,
CJG0470,44.0,45.0,22.0,32.0,24.0,-22.9,-35.28,42.9534631898,30.0,1.0,26655.0,0.0,1.0,
RGG0064,36.0,19.0,20.0,42.0,34.0,-18.74,-21.0,239.328995849,164.0,7.0,179847.0,6.0,7.0,
BXJ0010,46.0,24.0,30.0,35.0,34.0,-17.03,-24.03,442.302753839,290.0,23.0,697352.0,0.0,23.0,
WBC0315,40.0,37.0,40.0,45.0,24.0,-21.51,-38.25,396.640499024,296.0,181.0,5396269.0,104.0,117.0,
CGB0637,20.0,20.0,15.0,20.0,29.0,-7.09,-10.17,111.376131311,100.0,37.0,1003123.0,32.0,32.0,
CAN0842,38.0,41.0,22.0,39.0,29.0,-22.27,-32.54,25.0804040135,58.0,5.0,166609.0,0.0,5.0,
HTH0007,37.0,38.0,41.0,20.0,36.0,-6.89,-22.17,733.834169216,482.0,32.0,1013894.0,6.0,31.0,
BJM0111,22.0,24.0,39.0,41.0,19.0,-13.76,-28.62,164.887894999,108.0,44.0,1338059.0,41.0,40.0,
MAW0166,44.0,16.0,21.0,17.0,34.0,-9.66,-11.55,472.552947709,364.0,172.0,5171602.0,0.0,115.0,
PPF0435,42.0,17.0,48.0,24.0,27.0,-7.16,-20.89,304.198802673,150.0,26.0,779801.0,9.0,22.0,
SEJ0677,44.0,39.0,23.0,36.0,25.0,-23.17,-33.93,272.640621293,200.0,11.0,372057.0,0.0,10.0,
ACV0812,42.0,37.0,12.0,45.0,28.0,-28.15,-33.51,484.190503066,292.0,170.0,5124993.0,162.0,111.0,
KWE0082,38.0,43.0,19.0,48.0,35.0,-25.77,-33.93,140.378232281,78.0,79.0,2376055.0,65.0,67.0,
ECL0930,28.0,24.0,40.0,18.0,29.0,-3.02,-16.11,228.078494859,174.0,135.0,3850601.0,128.0,106.0,
RHP0484,35.0,37.0,24.0,16.0,31.0,-9.86,-19.9,233.592465029,194.0,77.0,2421231.0,27.0,50.0,
BAM0636,13.0,40.0,46.0,42.0,39.0,-7.5,-25.26,103.645674999,76.0,34.0,1050663.0,8.0,30.0,
DDM0579,33.0,45.0,30.0,37.0,26.0,-19.27,-34.6,36.6469644036,30.0,2.0,39768.0,0.0,2.0,
UIR0043,19.0,37.0,23.0,38.0,32.0,-14.53,-24.33,420.474815856,322.0,426.0,12867352.0,220.0,146.0,
JCR0172,43.0,41.0,41.0,39.0,31.0,-18.54,-35.13,454.276518184,352.0,229.0,6822710.0,187.0,135.0,
ATE0869,13.0,15.0,40.0,44.0,33.0,-7.3,-17.18,704.508338663,370.0,297.0,8447291.0,254.0,151.0,
IBS0836,10.0,44.0,50.0,38.0,27.0,-7.4,-30.75,132.6375808,62.0,7.0,213872.0,5.0,7.0,
DTT0076,42.0,16.0,34.0,24.0,28.0,-10.26,-18.3,435.325644354,328.0,257.0,7752371.0,0.0,120.0,
PRM0740,45.0,40.0,45.0,42.0,27.0,-20.23,-38.78,498.177290283,368.0,251.0,7476329.0,0.0,120.0,
FGW0853,25.0,35.0,20.0,40.0,39.0,-15.94,-22.12,444.871942428,318.0,188.0,5849171.0,210.0,109.0,
JSH0330,20.0,16.0,23.0,24.0,28.0,-6.41,-11.48,166.026676711,96.0,6.0,163368.0,0.0,6.0,
FSB0399,23.0,22.0,15.0,37.0,26.0,-16.34,-20.18,227.771321439,172.0,10.0,239160.0,1.0,9.0,
