CEL0561,1,1,1,1,1,1,1,1,1,1,1,1,1,1,1,1,1,1,
CRD0624,1,1,1,0,0,0,0,0,0,0,0,0,0,0,0,0,0,0,
JFC0557,1,1,1,1,1,1,1,1,1,1,1,1,1,1,1,1,1,1,
ASD0577,1,1,1,1,1,1,1,1,1,1,1,1,1,1,1,1,1,1,
MAR0955,1,1,1,1,1,1,1,1,1,1,1,1,1,1,1,0,0,0,
GRM0868,1,1,1,1,1,1,1,1,1,1,1,1,1,1,1,1,1,1,
AAL0706,1,1,1,1,1,1,1,1,1,1,1,1,1,1,1,1,1,1,
RVC0232,1,1,1,1,1,1,1,1,1,1,1,1,1,1,1,1,1,1,
TCD0009,1,1,1,1,1,1,1,1,1,1,1,1,1,1,1,1,1,1,
ASM0575,1,1,1,1,1,1,1,1,1,1,1,1,1,1,1,1,1,1,
DAR0885,1,1,0,0,0,0,0,0,0,0,0,0,0,0,0,0,0,0,
JLM0364,1,1,1,1,1,1,1,1,1,1,1,1,1,1,1,1,0,0,
FOB0756,1,1,1,1,1,1,1,1,1,1,1,1,1,1,1,1,1,1,
GCG0951,1,1,1,1,1,1,1,1,1,1,1,1,1,1,1,1,1,1,
HWY0038,1,1,1,1,1,1,0,0,0,0,0,0,0,0,0,0,0,0,
AAV0450,1,1,1,1,1,1,1,1,1,1,1,1,1,1,1,1,1,1,
CJV0286,1,1,1,1,1,1,1,1,1,1,1,1,1,1,1,1,1,1,
TDG0962,1,1,1,1,1,1,1,1,1,1,1,1,1,1,1,1,1,1,
SVL0803,1,1,1,1,1,1,1,1,1,1,1,1,1,1,1,1,1,1,
QOS0878,1,1,1,1,1,0,0,0,0,0,0,0,0,0,0,0,0,0,
MDM0625,1,1,1,1,1,1,1,1,1,1,1,1,1,1,1,1,1,1,
GMF0738,1,1,1,1,1,1,1,1,1,1,1,1,1,1,1,1,1,1,
BER0314,1,1,1,1,1,1,1,1,1,1,1,1,1,1,1,1,1,1,
AMR0400,1,1,1,1,1,1,1,1,1,1,1,1,1,1,1,1,1,1,
YCE0983,1,1,1,1,1,1,1,1,1,1,1,1,1,1,1,1,1,1,
BJW0619,1,1,1,1,1,1,1,1,1,1,1,1,1,1,1,1,1,1,
DPS0262,1,1,1,1,1,1,0,0,0,0,0,0,0,0,0,0,0,0,
TYB0779,1,1,1,1,1,1,1,1,1,1,1,1,1,1,1,1,1,1,
MAS0025,1,1,1,1,1,1,1,1,1,1,0,0,0,0,0,0,0,0,
KBL0260,1,1,1,1,1,1,1,1,1,1,1,1,1,1,1,1,1,1,
GHL0460,1,1,1,1,1,1,1,1,1,1,1,0,0,0,0,0,0,0,
FMG0527,1,1,1,1,1,1,1,1,1,1,1,1,1,0,0,0,0,0,
HCL0651,1,1,1,1,1,1,1,1,1,1,1,1,1,1,1,1,1,1,
SCP0130,1,1,1,1,1,1,1,1,1,1,1,1,1,1,1,1,1,1,
CMW0783,1,1,1,1,1,1,1,1,1,1,1,1,1,1,1,1,1,1,
RKF0164,1,1,1,1,1,1,1,1,1,1,1,1,1,1,1,1,0,0,
DOL0332,1,1,1,1,1,1,1,1,1,1,1,1,1,1,1,1,1,1,
RSC0089,1,1,1,1,1,1,1,1,1,1,1,1,1,1,1,1,1,1,
CCM0136,1,1,1,1,1,1,1,1,1,1,1,1,1,1,1,1,1,1,
NCH0179,1,1,1,1,1,1,1,1,1,1,1,1,1,1,1,1,1,1,
NBH0256,1,1,1,1,1,1,1,1,1,1,1,1,1,1,1,1,1,1,
ORG0339,1,1,1,1,1,1,1,1,1,1,1,1,1,1,1,1,1,1,
FRR0832,1,1,1,1,1,1,1,1,1,1,1,1,1,1,1,1,1,1,
MSD0939,1,1,1,1,1,1,1,1,1,1,1,1,1,1,1,1,1,1,
OQH0183,1,1,1,1,1,1,1,1,1,1,1,1,1,1,1,1,1,1,
BSH0445,1,1,1,1,1,1,1,1,1,1,1,1,1,1,1,1,1,1,
KSP0357,1,1,1,1,1,1,1,1,1,1,1,1,0,0,0,0,0,0,
NGO0690,1,1,1,1,1,1,1,1,1,1,1,1,1,1,1,1,1,1,
VCC0396,1,1,1,1,1,1,1,1,1,1,1,1,1,1,1,1,1,1,
WDD0366,1,1,1,1,1,1,1,1,1,1,1,1,1,1,1,0,0,0,
KPP0452,1,1,1,1,1,1,1,1,1,1,1,1,1,1,1,1,1,1,
RTO0313,1,1,1,1,1,1,1,1,1,1,1,1,1,1,1,1,1,1,
ABM0845,1,1,1,1,1,1,1,1,1,1,1,1,1,1,1,1,1,1,
VIA0063,1,1,1,1,1,1,1,1,1,1,1,1,1,1,1,1,1,1,
BIH0745,1,1,1,1,1,1,1,0,0,0,0,0,0,0,0,0,0,0,
CCW0031,1,1,1,1,1,1,1,1,1,1,1,1,1,1,1,1,1,1,
IYB0918,1,1,1,1,1,1,1,1,1,1,1,1,1,1,1,1,1,1,
ORM0669,1,1,1,1,1,1,1,1,1,1,1,1,1,1,1,1,1,1,
MJB0588,1,1,1,1,1,1,1,1,1,1,1,1,1,1,1,1,1,1,
ALB0892,1,1,1,1,1,1,1,1,1,0,0,0,0,0,0,0,0,0,
LIM0674,1,1,1,1,1,1,1,1,1,1,1,1,1,1,1,1,1,1,
LHN0151,1,1,1,1,1,1,1,1,1,1,1,1,1,1,1,1,1,1,
WTR0563,1,1,1,1,1,1,1,1,1,1,1,1,1,1,1,1,1,1,
MKS0204,1,1,1,1,1,1,1,1,1,1,1,1,1,1,1,1,1,1,
AAW0353,1,1,1,1,1,1,1,1,1,1,1,1,1,1,1,1,1,1,
WJD0576,1,1,1,1,1,1,1,1,1,1,1,1,1,1,1,1,1,1,
ILH0958,1,1,1,1,1,1,1,1,1,1,1,1,1,1,1,1,1,1,
TLK0993,1,1,1,1,1,1,1,1,1,1,1,1,1,1,1,1,1,1,
WAB0143,1,1,1,1,1,1,1,1,1,1,1,1,1,0,0,0,0,0,
RAG0275,1,1,1,1,1,1,1,1,1,1,1,1,1,1,1,1,1,1,
LQC0479,1,1,1,1,1,1,1,1,1,1,0,0,0,0,0,0,0,0,
KWC0004,1,1,1,1,1,1,1,1,1,1,1,1,1,1,1,1,1,1,
CJK0200,1,1,1,1,1,1,1,1,1,1,1,1,1,1,1,1,1,1,
FEB0306,1,1,1,1,1,1,1,1,1,1,1,1,1,1,1,1,1,1,
IJM0776,1,1,1,1,1,1,1,1,1,0,0,0,0,0,0,0,0,0,
NKH0807,1,1,1,1,1,1,1,1,1,1,1,1,1,1,1,1,1,1,
JMC0925,1,1,1,1,1,1,1,1,1,1,1,1,1,1,1,1,1,1,
SBH0537,1,1,1,1,1,1,1,1,1,1,1,1,1,1,1,1,1,1,
JJB0700,1,1,1,1,1,1,1,1,1,1,1,1,1,1,1,1,1,1,
AIS0405,1,1,1,1,1,1,1,1,1,1,1,1,1,1,1,1,1,1,
HAH0760,1,1,1,1,1,1,1,1,1,1,1,1,1,1,1,1,1,1,
AHD0848,1,1,1,1,1,1,1,1,1,1,1,1,1,1,1,1,1,1,
LDM0587,1,1,1,1,1,1,1,1,1,1,1,1,1,1,1,1,1,1,
AJN0607,1,1,1,1,1,1,1,1,1,1,1,1,1,1,1,1,1,1,
BBS0039,1,1,1,1,1,1,1,1,0,0,0,0,0,0,0,0,0,0,
EIS0041,1,1,1,1,1,1,1,1,1,1,1,1,1,1,1,1,1,1,
MLG0475,1,1,1,1,1,1,1,1,1,1,1,1,1,1,1,1,1,1,
HRD0635,1,1,1,1,1,0,0,0,0,0,0,0,0,0,0,0,0,0,
EPW0434,1,1,1,1,1,1,1,1,1,1,1,1,1,1,1,1,1,1,
JAM0382,1,1,1,1,1,1,1,1,1,1,1,1,1,1,1,1,1,1,
NCK0295,1,1,1,1,1,1,1,1,1,1,1,1,1,1,1,1,1,1,
LJT0817,1,1,1,1,1,1,1,1,1,1,1,1,1,1,1,1,1,1,
CAM0102,1,1,1,1,1,1,1,1,1,1,1,1,1,1,1,1,1,1,
SOG0411,1,1,1,1,1,1,1,1,1,1,1,1,1,1,1,1,1,1,
KSH0569,1,1,1,1,1,1,1,1,1,1,1,1,1,1,1,1,1,1,
BDI0533,1,1,1,1,1,1,1,1,1,1,1,1,1,1,1,1,1,1,
PMJ0564,1,1,1,1,1,1,1,1,1,1,1,1,1,1,1,1,1,1,
HGG0240,1,1,1,1,1,1,1,1,1,1,1,1,1,1,1,1,1,1,
MGS0974,1,1,1,1,1,1,1,1,1,1,1,1,1,1,1,1,1,1,
DHM0937,1,1,1,1,1,1,1,1,1,1,1,1,1,1,1,1,1,1,
ENC0234,1,1,1,1,1,1,1,1,1,1,1,1,1,0,0,0,0,0,
CEB0210,1,1,1,1,1,1,1,1,1,1,1,1,1,1,1,1,1,1,
YJV0699,1,1,1,1,1,1,1,1,1,1,1,1,1,1,1,1,1,1,
BMT0528,1,1,1,1,1,1,1,1,1,1,1,1,1,1,1,1,1,1,
CJC0494,1,1,1,1,1,1,1,1,1,1,1,1,1,1,1,1,1,1,
SOB0360,1,1,1,1,1,1,1,1,1,1,1,0,0,0,0,0,0,0,
GCS0571,1,1,1,1,1,1,1,1,1,1,1,1,1,1,1,1,1,1,
BJP0134,1,1,1,1,1,1,1,1,1,1,1,1,1,1,1,1,1,1,
KBP0008,1,1,1,1,1,1,1,1,1,1,1,1,1,1,1,1,1,1,
FLM0213,1,1,1,1,1,1,1,1,1,1,1,1,1,1,1,1,1,1,
RRP0568,1,1,1,1,1,1,1,1,1,1,1,1,1,1,1,1,1,1,
MCF0600,1,1,1,1,1,1,1,1,1,1,0,0,0,0,0,0,0,0,
SAA0999,1,1,1,1,1,1,1,1,1,1,1,1,1,1,1,1,1,1,
THR0873,1,1,1,1,1,1,1,1,1,1,1,1,1,1,1,1,1,1,
KRM0541,1,1,1,1,1,1,1,1,1,1,1,1,1,1,1,1,1,1,
KSP0966,1,1,1,1,1,1,1,1,1,1,1,1,1,1,1,1,1,1,
LOF0311,1,1,1,1,1,1,1,1,1,1,1,1,1,1,1,1,1,1,
MBR0724,1,1,1,1,1,1,1,1,1,1,1,1,1,1,1,1,1,1,
FSC0601,1,1,1,1,1,1,1,1,1,1,1,1,1,1,1,0,0,0,
MLP0668,1,1,1,1,1,1,1,1,1,1,1,1,1,1,1,1,1,1,
CUD0795,1,1,1,1,1,1,1,1,1,1,1,1,1,1,1,1,1,1,
AKR0057,1,1,1,1,1,1,1,1,1,1,1,0,0,0,0,0,0,0,
GZC0735,1,1,1,1,1,1,1,1,1,1,1,1,1,1,1,1,1,1,
HLH0512,1,1,1,1,1,1,1,1,1,1,1,1,1,1,1,1,1,1,
NJB0243,1,1,1,1,1,1,1,1,1,1,1,1,1,1,1,1,1,1,
GCS0518,1,1,1,1,1,1,1,1,1,1,1,1,1,1,1,1,1,1,
NMC0486,1,1,1,1,1,1,1,1,1,1,1,1,1,1,1,1,1,1,
KMB0922,1,1,1,1,1,1,1,1,1,1,1,1,1,1,1,1,1,1,
CFM0767,1,1,1,1,1,1,1,1,1,1,1,1,1,1,1,1,1,1,
HAD0246,1,1,1,1,1,1,1,1,1,1,1,1,1,1,1,1,1,1,
ANP0555,1,1,1,1,1,1,1,1,1,1,1,1,1,1,1,1,1,1,
LBF0214,1,1,1,1,1,1,1,1,1,1,1,1,1,1,1,1,1,1,
DJB0159,1,1,1,1,1,1,1,1,1,1,1,1,1,1,1,1,1,1,
BWP0202,1,1,1,1,1,1,1,1,1,1,1,1,1,1,1,1,1,1,
FFC0891,1,1,1,1,1,1,1,1,1,1,0,0,0,0,0,0,0,0,
AJR0932,1,1,1,1,1,1,1,1,1,1,0,0,0,0,0,0,0,0,
BDV0168,1,1,1,1,1,1,1,1,0,0,0,0,0,0,0,0,0,0,
CQH0730,1,1,1,1,1,1,1,1,1,1,1,1,1,1,1,1,1,1,
JCR0289,1,1,1,1,1,1,1,1,1,1,1,1,1,1,1,1,1,1,
AES0827,1,1,1,1,1,1,1,1,1,1,1,1,1,1,1,1,1,1,
SLP0762,1,1,1,1,1,1,1,1,1,1,1,1,1,1,1,1,1,1,
CLD0894,1,1,1,1,1,1,1,1,1,1,1,1,1,1,1,1,1,1,
LCD0622,1,1,1,1,1,1,1,1,1,1,1,1,1,1,1,1,1,1,
CMB0912,1,1,1,1,1,1,1,1,1,1,1,1,1,1,1,1,1,1,
ZKS0899,1,1,1,1,1,1,1,1,1,1,1,1,1,1,1,1,1,1,
JCV0245,1,1,1,1,1,1,1,1,1,1,1,1,1,1,1,1,1,1,
AMH0794,1,1,1,1,1,1,1,1,1,1,1,1,1,1,1,1,1,1,
FKB0163,1,1,1,1,1,1,1,1,1,1,1,1,1,1,1,1,1,1,
AKC0924,1,1,1,1,1,1,1,1,1,1,1,1,1,1,1,1,1,1,
ILR0304,1,1,1,1,1,1,1,1,1,1,1,1,1,1,1,1,1,1,
AJF0370,1,1,1,1,1,1,1,1,1,1,1,1,1,1,1,1,1,1,
OKC0107,1,1,1,1,1,1,1,1,1,1,1,1,1,1,1,1,1,1,
OCS0865,1,1,1,1,1,1,1,1,1,1,1,1,1,1,1,1,1,1,
UJC0737,1,1,1,1,1,1,1,1,1,1,1,1,1,1,1,1,1,1,
MBW0809,1,1,0,0,0,0,0,0,0,0,0,0,0,0,0,0,0,0,
MCF0327,1,1,1,1,1,1,1,1,1,1,1,1,1,1,1,1,1,1,
SGS0268,1,1,1,1,1,1,1,1,1,1,1,1,1,1,1,1,1,1,
BNG0237,1,1,1,1,1,1,1,1,1,1,1,1,1,1,1,1,1,1,
OSH0655,1,1,1,1,1,1,1,1,1,1,1,1,1,1,1,1,1,1,
CSB0080,1,1,1,1,1,1,1,1,1,1,1,1,1,1,1,1,1,1,
ERH0449,1,1,1,1,1,1,1,1,1,1,1,1,1,1,1,1,1,1,
EGK0893,1,1,1,1,1,1,1,1,1,1,1,1,1,1,1,1,1,1,
MMB0488,1,1,1,1,1,1,1,1,1,1,1,1,1,1,1,0,0,0,
AAM0658,1,1,1,1,1,1,1,1,1,1,1,0,0,0,0,0,0,0,
ESA0642,1,1,1,1,1,1,1,1,1,1,1,1,1,1,1,1,1,1,
CRK0916,1,1,1,1,1,1,1,1,1,1,1,1,1,1,1,1,1,1,
BBH0810,1,1,1,1,1,1,1,1,1,1,1,1,1,1,1,1,1,1,
JRF0835,1,1,1,1,1,1,1,1,1,1,1,1,1,1,1,1,1,1,
SJC0333,1,1,1,1,1,1,1,1,1,1,1,1,1,1,1,1,1,1,
HCS0003,1,1,1,1,1,1,1,1,1,1,1,1,1,1,1,1,1,1,
EMB0531,1,1,1,1,1,1,1,1,1,1,1,1,1,1,1,1,1,1,
JIM0095,1,1,1,1,1,1,1,1,1,1,1,1,1,1,1,1,1,1,
KJS0618,1,1,1,1,1,1,1,1,1,1,1,1,1,1,1,1,1,1,
EBC0390,1,1,1,1,1,1,1,1,1,1,1,1,1,1,1,1,1,1,
WGS0516,1,1,1,1,1,1,1,1,1,1,1,1,1,1,1,1,1,1,
NGF0157,1,1,1,1,1,1,1,1,1,1,1,1,1,1,1,1,1,1,
KAT0489,1,1,1,1,1,1,1,1,1,1,1,1,1,1,1,1,1,1,
CCH0685,1,1,1,1,1,1,1,1,1,1,1,1,1,1,1,1,1,1,
DMM0623,1,1,1,1,1,1,1,1,1,1,1,1,1,1,1,1,1,1,
SAH0599,1,1,1,1,1,1,1,1,1,1,1,1,1,1,1,1,1,1,
CPG0322,1,1,1,1,1,1,1,1,1,1,1,1,1,1,1,1,1,1,
OBH0499,1,1,1,1,1,1,1,1,1,1,1,1,1,1,1,1,1,1,
SNS0129,1,1,1,1,1,1,1,1,1,1,1,1,1,1,1,1,1,1,
PKB0429,1,1,1,1,1,1,1,1,1,1,1,1,1,1,1,1,1,1,
NAH0503,1,1,1,1,1,1,1,1,1,1,1,1,1,1,1,1,1,1,
FRB0023,1,1,1,1,1,1,1,1,1,1,1,1,1,1,1,1,1,1,
AHG0634,1,1,1,1,1,1,1,1,0,0,0,0,0,0,0,0,0,0,
CWB0065,1,1,1,1,1,1,1,1,1,1,1,1,1,1,1,1,1,1,
ATP0662,1,1,1,1,1,1,1,1,1,1,1,1,1,1,1,1,1,1,
DPM0423,1,1,1,1,1,1,1,1,1,1,1,1,1,1,1,1,1,1,
WKF0012,1,1,1,1,1,1,1,1,1,1,1,1,1,1,1,1,1,1,
JMB0308,1,1,1,1,1,1,1,1,0,0,0,0,0,0,0,0,0,0,
AKF0709,1,1,1,1,1,1,1,1,1,1,1,1,1,1,1,1,1,1,
JMH0543,1,1,1,1,1,1,1,1,1,1,1,0,0,0,0,0,0,0,
CJF0802,1,1,1,1,1,1,1,1,1,1,1,1,1,1,1,1,1,1,
IRM0931,1,1,1,1,1,1,1,1,1,1,1,1,1,1,1,1,1,1,
FQA0854,1,1,1,1,1,1,1,1,1,1,1,1,1,1,1,1,1,1,
CYA0506,1,1,1,1,1,0,0,0,0,0,0,0,0,0,0,0,0,0,
GRC0145,1,1,1,1,1,1,1,1,1,1,1,1,1,1,1,1,1,1,
BLS0678,1,1,1,1,1,1,1,1,1,1,0,0,0,0,0,0,0,0,
HJB0742,1,1,1,1,1,1,1,1,1,1,1,1,0,0,0,0,0,0,
KKS0119,1,1,1,1,1,1,1,1,1,1,1,1,1,1,1,1,1,1,
RAB0589,1,1,1,1,1,1,1,1,1,1,0,0,0,0,0,0,0,0,
DBB0384,1,1,1,1,1,1,1,1,1,1,1,1,1,1,1,1,1,1,
TRK0914,1,1,1,1,1,1,1,1,1,1,1,1,1,1,1,1,1,1,
BSA0431,1,1,1,1,1,1,1,1,1,1,1,1,1,1,1,1,1,1,
RHL0992,1,1,1,1,1,1,1,1,1,0,0,0,0,0,0,0,0,0,
CIM0926,1,1,1,1,1,1,1,1,1,1,1,0,0,0,0,0,0,0,
CFG0959,1,1,1,1,1,1,1,1,1,1,1,1,1,1,1,1,1,1,
VMJ0147,1,1,1,1,1,1,1,1,1,1,1,1,1,1,1,1,1,1,
SAT0194,1,1,1,1,1,1,1,1,1,1,1,1,1,1,1,1,1,1,
HBO0413,1,1,1,1,1,1,1,1,1,1,1,1,1,1,1,1,0,0,
DZC0228,1,1,1,1,1,1,1,1,1,1,1,1,1,1,1,1,1,1,
TEB0251,1,1,1,1,1,1,1,1,1,1,1,1,1,1,1,1,1,1,
MNR0829,1,1,1,1,1,1,1,1,1,1,1,1,1,1,1,1,1,1,
DOP0562,1,1,1,1,1,1,1,1,1,1,1,1,1,1,1,1,1,1,
UAD0771,1,1,1,1,1,1,1,1,1,1,1,1,1,1,1,1,1,1,
ALD0544,1,1,1,1,1,1,1,1,1,1,1,1,1,1,1,1,1,1,
LCB0664,1,1,1,1,1,1,1,1,1,1,1,1,1,1,1,1,1,1,
HCL0113,1,1,1,1,1,1,1,1,1,1,1,1,1,1,1,1,1,1,
TSB0437,1,1,1,1,1,1,1,1,1,1,1,1,1,1,1,1,1,1,
EZH0736,1,1,1,1,1,1,1,1,1,1,1,1,1,1,1,1,1,1,
JCG0316,1,1,1,1,1,1,1,1,1,1,1,1,1,1,1,1,1,1,
MSG0839,1,1,1,1,1,1,1,1,1,1,1,1,1,1,1,1,1,1,
LJJ0905,1,1,1,1,1,1,1,1,1,1,1,1,1,1,1,1,1,1,
HCM0267,1,1,1,1,1,1,1,1,1,1,1,1,1,1,1,1,1,1,
MTB0620,1,1,1,1,1,1,1,1,1,1,1,1,1,1,1,1,1,1,
CCH0182,1,1,1,1,1,1,1,1,1,1,1,1,1,1,1,1,1,1,
CAM0681,1,1,1,1,1,1,1,1,1,1,1,1,1,1,1,1,1,1,
LBH0942,1,1,1,1,1,1,1,1,1,1,1,1,1,1,1,1,1,1,
CAB0388,1,1,1,1,1,1,1,1,1,1,1,1,1,1,1,1,1,1,
WGR0833,1,1,1,1,1,1,1,1,1,1,1,1,1,1,1,1,1,1,
MTT0901,1,1,0,0,0,0,0,0,0,0,0,0,0,0,0,0,0,0,
GQF0659,1,1,1,1,1,1,1,1,1,1,1,1,1,1,1,1,1,1,
CSP0197,1,1,1,1,1,1,1,1,1,1,1,1,1,1,1,1,1,1,
OMM0944,1,1,1,1,1,1,1,1,1,1,1,1,1,1,1,1,1,1,
IMP0530,1,1,1,1,1,1,1,1,1,1,1,1,1,1,1,1,1,1,
ORB0473,1,1,1,1,1,1,1,1,1,1,1,1,1,1,1,1,1,1,
JML0909,1,1,1,1,1,1,1,1,1,1,1,1,1,1,1,1,1,1,
NDM0417,1,1,1,1,1,1,1,1,1,1,1,1,1,1,1,1,1,1,
FRL0511,1,1,1,1,1,1,1,1,1,1,1,1,1,1,1,1,1,1,
LAP0338,1,1,1,1,1,1,1,1,1,1,1,1,1,1,1,1,1,1,
HCV0478,1,1,1,1,1,1,1,1,1,1,1,1,1,1,1,1,1,1,
KJA0152,1,1,1,1,1,1,1,1,1,1,1,1,1,1,1,1,1,1,
ECF0828,1,1,1,1,1,1,1,1,1,1,0,0,0,0,0,0,0,0,
BVN0514,1,1,1,1,1,1,0,0,0,0,0,0,0,0,0,0,0,0,
BSS0463,1,1,1,1,1,1,1,1,1,1,1,1,1,1,1,1,1,1,
JJM0203,1,1,1,1,1,1,1,1,1,1,0,0,0,0,0,0,0,0,
AIM0627,1,1,1,1,1,1,1,1,1,1,1,1,1,1,1,1,1,1,
RAH0440,1,1,1,1,1,1,1,1,1,1,1,1,1,1,1,1,1,1,
XHG0902,1,1,1,1,1,1,1,1,1,1,1,1,1,1,1,1,1,1,
TDJ0998,1,1,1,1,1,1,1,1,1,1,1,1,1,1,1,1,1,1,
JPA0667,1,1,1,1,1,1,1,1,1,1,1,1,1,1,1,1,1,1,
EHR0096,1,1,1,1,1,1,1,1,1,1,1,1,1,1,1,1,1,1,
SJW0451,1,1,1,1,1,1,1,1,1,1,1,1,1,1,1,1,1,1,
CNB0900,1,1,1,1,1,1,1,1,1,1,1,1,1,1,1,1,1,1,
EAH0466,1,1,0,0,0,0,0,0,0,0,0,0,0,0,0,0,0,0,
CTA0020,1,1,1,1,1,1,1,1,1,1,1,1,1,1,1,1,1,1,
SRS0231,1,1,1,1,1,1,1,1,1,1,1,1,1,1,1,1,1,1,
HWH0646,1,1,1,1,1,1,1,1,1,1,1,1,1,1,1,1,1,1,
HKB0418,1,1,1,1,1,1,1,1,1,1,1,1,1,1,1,1,0,0,
CCM0855,1,1,1,1,1,1,1,1,1,1,1,1,1,1,1,1,1,1,
SED0886,1,1,1,1,1,1,1,1,1,1,1,1,1,1,1,1,1,1,
LBC0356,1,1,1,1,1,1,1,1,1,1,1,1,1,1,1,1,1,1,
CKH0144,1,1,1,1,1,1,1,1,1,1,1,1,1,1,1,1,1,1,
MBG0438,1,1,1,1,1,1,1,1,1,1,1,1,0,0,0,0,0,0,
MVF0594,1,1,1,1,1,1,1,1,1,1,1,1,1,1,1,1,1,1,
ATF0274,1,1,1,1,1,1,1,1,1,1,1,1,1,1,1,1,1,1,
KTG0091,1,1,1,1,1,1,1,1,1,1,1,1,1,1,1,1,1,1,
ACC0042,1,1,1,1,1,1,1,1,1,1,1,1,1,1,1,1,1,1,
AKW0167,1,1,1,1,1,1,1,1,1,1,1,1,1,1,1,1,1,1,
KPR0497,1,1,1,1,1,1,1,1,1,1,1,1,1,1,1,1,1,1,
ABN0239,1,1,1,1,1,1,1,1,1,1,1,1,1,1,1,1,1,1,
CKB0482,1,1,1,1,1,1,1,1,1,1,1,1,1,1,1,1,1,1,
AMH0464,1,1,1,1,1,1,1,1,1,1,1,1,1,1,1,1,1,1,
QCH0110,1,1,1,1,1,1,1,1,1,1,1,1,1,1,1,0,0,0,
SGG0787,1,1,1,1,1,1,1,1,1,1,1,1,1,1,1,1,1,1,
SIJ0661,1,1,1,1,1,1,1,1,1,1,1,1,1,1,1,1,1,1,
BTW0005,1,1,1,1,1,1,1,1,1,1,1,1,1,1,1,1,1,1,
RLB0719,1,1,1,1,1,1,1,1,1,1,1,1,1,1,1,1,1,1,
WDO0870,1,1,1,1,1,1,1,1,1,1,1,1,1,1,1,1,1,1,
KCB0815,1,1,1,1,1,1,1,1,1,1,1,1,1,1,1,1,1,1,
VCY0751,1,1,1,1,1,1,1,1,1,1,1,1,1,1,1,1,1,1,
BAJ0654,1,1,1,1,1,1,1,1,1,1,1,1,1,1,1,1,1,1,
MKL0941,1,1,1,1,1,1,1,1,1,1,1,1,1,1,1,1,1,1,
EGD0409,1,1,1,1,1,1,1,0,0,0,0,0,0,0,0,0,0,0,
DBS0235,1,1,1,1,1,1,1,1,1,1,1,1,1,1,1,1,1,1,
JJH0613,1,1,1,1,1,1,1,1,1,1,1,1,1,1,1,1,1,1,
UFK0208,1,1,1,1,1,1,1,1,1,1,1,1,1,1,1,1,1,1,
BLB0114,1,1,1,1,1,1,1,1,1,1,1,1,1,1,1,1,1,1,
CKD0680,1,1,1,1,1,1,1,1,1,1,1,1,1,1,1,1,1,1,
MKG0711,1,1,1,1,1,1,1,1,1,1,1,1,1,1,1,1,1,1,
EDA0684,1,1,0,0,0,0,0,0,0,0,0,0,0,0,0,0,0,0,
IIL0513,1,1,1,1,1,1,1,1,1,1,1,1,1,1,1,1,1,1,
TSM0363,1,1,1,1,1,1,1,1,1,1,1,1,1,1,1,1,1,1,
PBP0002,1,1,1,1,1,1,1,1,1,1,1,1,1,1,1,1,1,1,
LHB0606,1,1,1,1,0,0,0,0,0,0,0,0,0,0,0,0,0,0,
GTD0898,1,1,1,1,1,1,1,1,1,1,1,1,1,1,1,1,1,1,
CJH0702,1,1,1,1,1,1,1,1,1,1,1,1,1,1,1,1,1,1,
DMK0257,1,1,1,1,1,1,1,1,1,1,1,1,1,1,1,1,1,1,
WIQ0567,1,1,1,1,1,1,1,1,1,1,1,1,1,1,1,1,1,1,
PTH0830,1,1,1,1,1,1,1,1,1,1,1,1,1,1,1,1,1,1,
NCO0666,1,1,1,1,1,1,1,1,1,1,1,1,1,1,1,1,1,1,
MHG0733,1,1,1,1,1,1,1,1,1,1,1,1,1,1,1,1,1,1,
RAW0915,1,1,1,1,1,1,1,1,1,1,1,1,1,1,1,1,1,1,
HAM0985,1,1,1,1,1,1,1,1,1,1,1,1,1,1,1,1,1,1,
SAB0781,1,1,1,1,1,1,1,1,1,1,1,1,1,1,1,1,1,1,
IBM0671,1,1,1,1,1,1,1,1,1,1,1,1,1,1,1,1,1,1,
YDN0198,1,1,1,1,1,1,1,1,1,1,1,1,1,1,1,1,1,1,
GAF0060,1,1,1,1,1,1,1,1,1,1,1,1,1,1,1,1,1,1,
AMM0014,1,1,1,1,1,1,1,1,1,1,1,1,1,1,1,1,1,1,
AMV0036,1,1,1,1,1,1,1,1,1,1,1,1,1,1,1,1,1,1,
MOP0763,1,1,1,1,1,1,1,1,1,1,1,1,1,1,1,1,1,1,
CBG0490,1,1,1,1,1,1,1,1,1,1,1,1,1,1,1,1,1,1,
CNE0352,1,1,1,1,1,1,1,1,1,1,1,1,1,1,1,1,1,1,
GQP0743,1,1,1,1,1,1,1,1,1,1,1,1,1,1,1,1,1,1,
PTH0552,1,1,1,1,1,1,1,1,1,1,1,1,1,1,1,1,1,1,
GLR0975,1,1,1,1,1,1,1,1,1,1,1,1,1,1,1,1,1,1,
GTD0219,1,1,1,1,1,1,0,0,0,0,0,0,0,0,0,0,0,0,
BKW0374,1,1,1,1,1,1,1,1,1,1,1,1,1,1,1,1,1,1,
CAH0936,1,1,1,1,1,1,1,1,1,0,0,0,0,0,0,0,0,0,
AIP0982,1,1,1,1,1,1,1,1,1,1,1,1,1,1,1,1,1,1,
KRV0372,1,1,1,1,1,1,1,1,1,1,1,1,1,1,1,1,1,1,
IAT0263,1,1,1,1,1,1,1,1,1,0,0,0,0,0,0,0,0,0,
JBD0616,1,1,1,1,1,1,1,1,1,1,1,1,1,1,1,1,1,1,
RUM0880,1,1,1,1,1,1,1,1,1,1,1,1,1,1,1,1,1,1,
DGM0754,1,1,0,0,0,0,0,0,0,0,0,0,0,0,0,0,0,0,
SMY0792,1,1,1,1,1,1,1,1,1,1,1,1,1,1,1,1,1,1,
HOB0994,1,1,1,1,1,1,1,1,1,1,1,1,1,1,1,1,1,1,
DGN0480,1,1,1,1,1,1,1,1,1,1,1,1,1,1,1,1,0,0,
KJJ0293,1,1,1,1,1,1,1,1,1,1,1,1,1,1,1,1,1,1,
JXH0493,1,1,1,1,1,1,1,1,1,1,1,1,1,1,1,1,1,1,
PGH0184,1,1,1,1,1,1,1,1,1,1,1,0,0,0,0,0,0,0,
JPW0741,1,1,1,1,1,1,1,1,1,1,1,1,1,1,1,1,1,1,
NMG0766,1,1,1,1,1,1,1,1,1,1,1,1,1,1,1,1,1,1,
HMW0713,1,1,1,1,1,1,1,1,1,1,1,1,1,1,1,1,1,1,
MAH0864,1,1,1,1,1,1,1,1,1,1,1,1,1,1,1,1,1,1,
QNF0205,1,1,1,1,1,1,1,1,1,1,1,1,1,1,1,1,1,1,
KKW0879,1,1,1,1,1,1,1,1,1,1,1,1,1,1,1,1,1,1,
TEM0093,1,1,1,1,1,1,1,1,1,1,1,1,0,0,0,0,0,0,
RVF0201,1,1,1,1,1,1,1,1,1,1,1,1,1,1,1,1,1,1,
TMA0069,1,1,1,1,1,1,1,1,1,1,1,1,1,1,1,1,1,1,
VFM0814,1,1,1,1,1,1,1,1,1,1,1,1,0,0,0,0,0,0,
SBN0866,1,1,1,1,1,1,1,1,1,1,1,1,1,1,1,1,1,1,
ZJE0857,1,1,1,1,1,1,1,1,1,1,1,1,1,1,1,1,1,1,
HPM0986,1,1,1,1,1,1,1,1,1,1,1,1,1,1,1,1,1,1,
CJP0952,1,1,1,1,1,1,1,1,1,1,1,1,1,1,1,1,1,1,
DRR0162,1,1,1,1,1,1,1,1,1,1,1,1,1,0,0,0,0,0,
ESR0693,1,1,1,1,1,1,1,1,0,0,0,0,0,0,0,0,0,0,
CWR0502,1,1,1,1,1,1,1,1,1,1,1,1,1,1,1,1,1,1,
SLB0049,1,1,1,1,1,1,1,1,1,1,1,1,1,1,1,1,1,1,
IDO0176,1,1,1,1,1,1,1,1,1,1,1,1,1,1,1,1,1,1,
AGB0186,1,1,1,1,1,1,1,1,1,1,1,1,1,1,1,1,1,1,
RJB0088,1,1,1,1,1,1,1,1,1,1,1,1,1,1,1,1,1,1,
OCB0805,1,1,1,1,1,1,1,1,1,1,1,1,1,1,1,1,1,1,
ETR0428,1,1,1,1,1,1,1,1,1,1,1,1,1,1,1,1,1,1,
IKP0472,1,1,1,1,1,1,1,1,1,1,1,1,1,1,1,1,1,1,
LHB0967,1,1,1,1,1,1,1,1,1,1,1,1,1,1,1,1,1,1,
CCM0467,1,1,1,1,1,1,1,1,1,1,1,1,1,1,1,1,1,1,
GKO0078,1,1,1,1,1,1,1,1,1,1,1,1,1,1,1,1,1,1,
GNS0178,1,1,1,1,1,1,1,1,1,1,1,1,1,1,1,1,1,1,
SSS0345,1,1,1,1,1,1,1,1,1,1,1,1,1,1,1,1,1,1,
LOM0086,1,1,1,1,1,1,1,0,0,0,0,0,0,0,0,0,0,0,
SSR0278,1,1,1,1,1,1,1,1,1,1,0,0,0,0,0,0,0,0,
ALH0402,1,1,1,1,1,1,1,1,1,1,1,1,1,1,1,1,1,1,
AKK0329,1,1,1,1,1,1,1,1,1,1,1,1,1,1,1,1,1,1,
EWH0191,1,1,1,1,1,1,1,1,1,1,1,1,1,1,1,1,1,1,
TVS0050,1,1,1,1,1,1,1,1,1,1,1,1,1,1,1,1,1,1,
TUC0632,1,1,1,1,1,1,1,1,1,1,1,1,1,1,1,1,1,1,
SKG0759,1,1,1,1,1,1,1,1,1,1,1,1,1,1,1,1,1,1,
IMG0320,1,1,1,1,1,1,1,1,1,1,1,1,1,1,1,1,1,1,
BBG0325,1,1,1,1,1,1,1,1,1,1,1,1,1,1,1,1,1,1,
CTW0500,1,1,1,1,1,1,1,1,1,1,1,1,1,1,1,1,1,1,
SBN0495,1,1,1,1,1,1,1,1,1,1,1,1,1,1,1,1,1,1,
ELH0960,1,1,1,1,1,1,1,1,1,1,1,1,1,1,1,1,1,1,
BMS0877,1,1,1,1,1,1,0,0,0,0,0,0,0,0,0,0,0,0,
TSG0906,1,1,1,1,1,1,1,1,1,1,1,1,1,1,1,1,1,1,
RKD0604,1,1,1,1,1,1,1,1,0,0,0,0,0,0,0,0,0,0,
JMK0099,1,1,1,1,1,1,1,1,1,1,1,1,1,1,1,1,1,1,
MKP0861,1,1,1,1,1,1,1,1,1,1,1,1,1,1,1,1,1,1,
HIW0536,1,1,1,1,1,1,1,1,1,1,1,1,1,1,1,1,1,1,
CTR0697,1,1,1,1,1,1,1,1,1,1,1,1,1,1,1,1,1,1,
BHC0665,1,1,1,1,1,1,1,1,1,1,1,1,1,1,1,1,1,1,
DCH0843,1,1,1,1,1,1,1,1,1,1,1,1,1,1,0,0,0,0,
WIF0691,1,1,1,1,1,1,1,1,1,1,1,1,1,1,1,1,1,1,
HWM0342,1,1,1,1,1,1,1,1,1,1,1,1,1,1,1,1,1,1,
MNC0717,1,1,1,1,1,1,1,1,1,1,1,1,1,1,1,1,1,1,
ARB0881,1,1,1,1,1,1,1,1,1,1,1,1,1,1,1,1,1,1,
AHC0142,1,1,1,1,1,1,1,1,1,1,1,1,1,1,1,1,1,1,
ZFM0468,1,1,1,1,1,1,1,1,1,1,1,1,1,1,1,1,1,1,
DIW0118,1,1,1,1,1,1,1,1,1,1,1,1,1,1,1,1,1,1,
USH0199,1,1,1,1,1,1,1,1,1,1,1,1,1,1,1,1,1,1,
MAD0753,1,1,1,1,1,1,1,1,1,1,1,1,1,1,1,1,1,1,
KDS0349,1,1,1,1,1,1,1,1,1,1,1,1,1,1,1,1,1,1,
LJB0826,1,1,1,1,1,1,1,1,1,1,1,1,1,1,1,1,1,1,
FKK0055,1,1,1,1,1,1,1,1,1,1,1,1,1,1,1,1,1,1,
TAP0551,1,1,1,1,1,1,1,1,1,1,1,0,0,0,0,0,0,0,
FPC0954,1,1,1,1,1,1,1,1,1,1,1,1,1,1,1,1,1,1,
GBM0603,1,1,1,1,1,1,1,1,1,1,1,1,1,1,1,1,0,0,
CXC0336,1,1,1,1,1,1,1,1,1,1,1,1,1,1,1,1,1,1,
HMM0108,1,1,1,0,0,0,0,0,0,0,0,0,0,0,0,0,0,0,
FDE0117,1,1,1,1,1,1,1,1,1,1,1,1,1,1,1,1,1,1,
FUM0015,1,1,1,1,1,1,1,1,1,1,1,1,1,1,1,1,1,1,
NAB0801,1,1,1,1,1,1,1,1,1,1,1,1,1,1,1,1,1,1,
GJT0386,1,1,1,1,1,1,1,1,1,1,1,1,1,1,1,1,1,1,
KAC0124,1,1,1,1,1,1,1,1,1,1,1,1,1,1,1,1,1,1,
RGH0728,1,1,1,1,1,1,1,1,1,1,1,1,1,1,0,0,0,0,
CCR0863,1,1,1,1,1,1,1,1,1,1,1,1,1,1,1,1,1,1,
TTD1000,1,1,1,1,1,1,1,1,1,1,1,1,1,1,1,1,1,1,
OKB0439,1,1,1,1,1,1,1,1,1,1,1,1,1,1,1,1,1,1,
XAA0104,1,1,1,1,1,1,1,1,1,1,1,1,1,1,1,1,1,1,
RFP0380,1,1,1,1,1,1,1,1,1,1,1,1,1,1,1,1,1,1,
JTS0389,1,1,1,1,1,1,1,1,1,1,1,1,1,1,1,1,1,1,
CMS0454,1,1,1,1,1,1,1,1,1,1,1,1,1,1,1,1,1,1,
JKB0126,1,1,1,1,1,1,1,1,1,1,1,1,1,1,1,1,1,1,
LAM0911,1,1,1,1,1,1,1,1,1,1,1,1,1,1,1,1,1,1,
GCC0744,1,1,1,1,1,1,1,1,1,1,1,1,1,1,1,1,1,1,
CLH0703,1,1,1,1,1,1,1,1,1,1,1,1,1,1,1,1,1,1,
KMW0545,1,1,1,1,1,1,1,1,1,1,1,1,1,1,1,1,1,1,
PSF0133,1,1,1,1,1,1,1,1,1,0,0,0,0,0,0,0,0,0,
NHH0185,1,1,1,1,1,1,1,1,1,1,1,1,1,1,1,1,1,1,
NCE0097,1,1,1,1,1,1,1,1,1,1,1,1,1,1,1,1,1,1,
CCL0068,1,1,1,1,1,1,1,1,1,1,1,1,1,1,0,0,0,0,
AJC0840,1,1,1,1,1,1,1,1,1,1,1,1,1,1,1,1,1,1,
GCC0945,1,1,1,1,1,1,1,1,1,1,1,1,1,1,1,1,1,1,
NAB0903,1,1,1,1,1,1,1,1,1,1,1,1,1,1,1,1,1,1,
AOS0987,1,1,1,1,1,1,1,1,1,1,1,1,1,1,1,1,1,1,
JAD0609,1,1,1,1,1,1,1,1,1,1,1,1,1,1,1,1,1,1,
AMW0392,1,1,1,1,1,1,1,1,1,1,1,1,1,1,1,1,1,1,
FIR0920,1,1,1,1,1,1,1,1,1,1,1,1,1,1,1,1,1,1,
RNP0211,1,1,1,1,1,1,1,1,1,1,1,1,1,1,1,1,1,1,
RHY0079,1,1,1,1,1,1,1,1,1,1,1,1,1,1,1,1,1,1,
CLS0296,1,1,1,1,1,1,1,1,1,1,1,1,1,1,1,1,1,1,
JSA0775,1,1,1,1,1,1,1,1,1,1,1,1,1,1,1,1,1,1,
RDM0115,1,1,1,1,1,1,1,1,1,1,1,1,1,1,1,1,1,1,
JKM0303,1,1,1,1,1,1,1,1,1,1,1,1,1,1,1,1,1,1,
IJM0139,1,1,1,1,1,1,1,1,1,1,1,1,1,1,1,1,1,1,
SVL0940,1,1,1,1,1,1,1,1,1,1,1,1,1,1,1,1,1,1,
LDG0459,1,1,1,1,1,1,1,1,1,1,1,1,1,1,1,1,1,1,
ROB0272,1,1,1,1,1,1,1,1,1,1,1,1,1,1,1,1,1,1,
LNS0989,1,1,1,1,1,1,1,1,1,1,1,1,1,1,1,1,1,1,
CNM0800,1,1,1,1,1,1,1,1,1,1,1,1,1,1,1,1,1,1,
HGN0287,1,1,1,1,1,1,1,1,1,1,1,1,1,1,1,1,1,1,
KMS0657,1,1,1,1,1,1,1,1,1,1,1,1,1,1,1,1,1,1,
BMG0917,1,1,1,1,1,1,1,1,1,1,1,1,1,1,1,1,1,1,
HVB0037,1,1,1,1,1,1,1,1,1,1,1,1,1,1,1,1,1,1,
PNH0761,1,1,1,1,1,1,1,1,1,1,1,1,1,1,1,1,1,1,
JLW0053,1,1,1,1,1,1,1,1,1,1,1,1,1,1,1,1,1,1,
JNA0559,1,1,1,1,1,1,1,1,1,1,1,1,1,1,1,1,1,1,
OYM0026,1,1,1,1,1,1,1,1,1,1,1,1,1,1,1,1,1,1,
NIH0969,1,1,1,1,1,1,1,1,1,1,1,1,1,1,1,1,1,1,
RCC0617,1,1,1,1,1,1,1,1,1,1,1,1,1,1,1,1,1,1,
GJD0298,1,1,1,1,1,1,1,1,1,1,1,1,1,1,1,1,1,1,
MLL0598,1,1,1,1,1,1,1,1,1,1,1,1,1,1,1,1,1,1,
DSM0591,1,1,1,1,1,1,1,1,1,1,1,1,1,1,1,1,1,1,
BTL0226,1,1,1,1,1,1,1,1,1,1,1,0,0,0,0,0,0,0,
SBN0971,1,1,1,1,1,1,1,1,1,1,1,1,1,1,1,1,1,1,
CCW0524,1,1,1,1,1,1,1,1,1,1,1,1,1,1,1,1,1,1,
IWM0816,1,1,1,1,1,1,1,1,1,1,1,1,1,1,1,1,1,1,
JOL0024,1,1,1,1,1,1,1,1,1,1,1,1,1,1,1,1,1,1,
ENL0100,1,1,1,1,1,1,1,1,1,1,1,1,1,1,1,1,1,1,
TIW0299,1,1,1,1,1,1,1,1,1,1,1,1,1,1,1,1,1,1,
ZSK0258,1,1,1,1,1,1,1,1,1,1,1,1,1,1,1,1,1,1,
CGF0337,1,1,1,1,1,1,1,1,1,1,1,1,1,1,1,1,1,1,
EHB0420,1,1,1,1,1,1,1,1,1,1,1,1,1,1,1,1,1,1,
RGN0408,1,1,1,1,1,1,1,1,1,1,1,1,1,1,1,1,1,1,
FHO0630,1,1,1,1,1,1,1,1,1,1,1,1,1,1,1,1,1,1,
JKJ0698,1,1,1,1,1,1,1,1,1,1,1,1,1,1,1,1,1,1,
SCF0608,1,1,1,1,1,1,1,1,1,1,1,1,1,1,1,1,1,1,
BVC0790,1,1,1,1,1,1,1,1,1,1,1,1,1,1,1,1,1,1,
NRF0137,1,1,1,1,1,1,1,1,1,1,1,1,1,1,1,1,1,1,
HDD0789,1,1,1,1,1,1,1,1,1,1,1,1,1,1,1,1,1,1,
IEB0153,1,1,1,1,1,1,1,1,1,1,1,1,1,1,1,1,1,1,
ICH0294,1,1,1,1,1,1,1,1,1,1,1,1,1,1,1,1,1,1,
ZSL0305,1,1,1,1,1,1,1,1,1,1,1,1,1,1,1,1,1,1,
AJP0723,1,1,1,1,1,1,1,1,1,1,1,1,1,1,1,1,1,1,
GDF0704,1,1,1,1,1,1,1,1,1,1,1,1,1,1,1,1,1,1,
TJD0996,1,1,1,1,1,1,1,1,1,1,1,1,1,1,1,1,1,1,
OMS0101,1,1,1,1,1,1,1,1,1,1,1,1,1,1,1,1,1,1,
BCM0653,1,1,1,1,1,1,1,1,1,1,1,1,1,1,1,1,1,1,
BDB0453,1,1,1,1,1,1,1,1,1,1,1,1,1,1,1,1,1,1,
NCK0421,1,1,1,1,1,1,1,1,1,1,1,1,1,1,1,1,1,1,
LPH0572,1,1,0,0,0,0,0,0,0,0,0,0,0,0,0,0,0,0,
MFV0897,1,1,1,1,1,1,1,1,1,1,1,1,1,1,1,1,1,1,
MAH0149,1,1,1,1,1,1,1,1,1,1,1,1,1,1,1,1,1,1,
ECR0822,1,1,1,1,1,1,1,1,1,1,1,1,1,1,1,1,1,1,
POB0343,1,1,1,1,1,1,1,1,1,1,1,1,1,1,1,1,1,1,
IRT0491,1,1,1,1,1,1,1,1,1,1,1,1,1,1,1,1,1,1,
HKI0171,1,1,1,1,1,1,1,1,1,1,1,1,1,1,1,1,1,1,
DIB0285,1,1,1,1,1,1,1,1,1,0,0,0,0,0,0,0,0,0,
IAR0694,1,1,1,1,1,1,1,1,1,1,1,1,1,1,1,1,1,1,
CMM0487,1,1,1,1,1,1,1,1,1,1,1,1,1,1,1,1,1,1,
LCC0819,1,1,1,1,1,1,1,1,0,0,0,0,0,0,0,0,0,0,
AGB0643,1,1,1,1,1,1,1,1,1,1,1,1,1,1,1,1,1,1,
PID0426,1,1,1,1,1,1,1,1,1,1,1,1,1,1,1,1,1,1,
HLM0933,1,1,1,1,1,1,1,1,1,1,1,1,1,1,1,1,1,1,
KRL0062,1,1,1,1,1,1,1,1,1,1,1,1,1,1,1,1,1,1,
MPM0220,1,1,1,1,1,1,1,1,1,1,1,0,0,0,0,0,0,0,
JDB0169,1,1,1,1,1,1,1,1,1,1,1,1,1,1,1,1,1,1,
AAS0442,1,1,1,0,0,0,0,0,0,0,0,0,0,0,0,0,0,0,
ZJS0269,1,1,1,1,1,1,1,1,1,1,1,1,1,1,1,1,1,1,
CJM0521,1,1,1,1,1,1,1,1,1,1,1,1,1,1,1,1,1,1,
MDH0580,1,1,1,1,1,1,1,1,1,1,1,1,1,1,1,0,0,0,
JRS0362,1,1,1,1,1,1,1,1,1,1,1,1,1,1,1,1,1,1,
WXH0872,1,1,1,1,1,1,1,1,1,1,1,1,1,1,1,1,1,1,
MHA0798,1,1,1,1,1,1,1,1,1,1,1,1,1,1,1,1,1,1,
JZD0888,1,1,1,1,1,1,1,1,1,1,1,1,1,1,1,1,1,1,
HDD0806,1,1,1,1,1,1,1,1,1,1,1,1,1,1,1,1,1,1,
BSB0990,1,1,1,1,1,1,1,1,1,1,1,1,1,1,1,1,1,1,
ALC0788,1,1,1,1,1,1,1,1,1,1,1,1,1,1,1,1,1,1,
JCR0921,1,1,1,1,1,1,1,1,1,1,1,1,1,1,1,1,1,1,
RRA0938,1,1,1,1,1,1,1,1,1,1,1,1,1,1,1,1,1,1,
SHW0578,1,1,1,1,1,1,1,1,1,1,1,1,1,1,1,1,1,1,
GCL0016,1,1,1,1,1,1,1,1,1,1,1,1,1,1,1,1,1,1,
GOK0238,1,1,1,1,1,1,1,1,1,1,1,1,0,0,0,0,0,0,
BCB0679,1,1,1,1,1,1,1,1,1,1,1,1,1,1,0,0,0,0,
IHK0841,1,1,1,1,1,1,1,1,1,1,1,1,1,1,1,1,1,1,
SAP0867,1,1,1,1,1,1,1,0,0,0,0,0,0,0,0,0,0,0,
ALD0529,1,1,1,1,1,1,1,1,1,1,1,1,1,1,1,1,1,1,
KRG0158,1,1,1,1,1,1,1,1,1,1,1,1,1,1,1,1,1,1,
TJB0302,1,1,1,1,1,1,1,1,1,1,1,1,1,1,1,1,1,1,
ILC0838,1,1,1,1,1,1,1,1,1,1,1,1,1,1,1,1,1,1,
RIH0777,1,1,1,1,1,1,1,1,1,1,1,1,1,1,1,1,1,1,
HCW0419,1,1,1,1,1,1,1,1,1,1,1,1,1,1,1,1,1,1,
DAL0673,1,1,1,1,1,1,1,1,1,1,1,1,1,1,1,1,1,1,
RMS0266,1,1,1,1,1,1,1,1,1,1,1,1,1,1,1,1,1,1,
KDT0346,1,1,1,1,1,1,1,1,1,1,1,1,1,1,1,1,1,1,
KAL0395,1,1,1,1,1,1,1,1,1,1,1,1,1,1,1,1,1,1,
ARD0509,1,1,1,1,1,1,1,1,1,1,1,1,1,1,1,1,1,1,
BTL0722,1,1,1,1,1,1,1,1,1,1,1,1,1,1,1,1,1,1,
WPE0538,1,1,1,1,1,1,1,1,1,1,1,1,1,1,1,1,1,1,
CLF0852,1,1,1,1,1,1,1,1,1,1,1,1,1,1,1,1,1,1,
HJA0018,1,1,1,1,1,1,1,1,1,1,1,1,1,1,1,1,1,1,
MIM0712,1,1,1,1,1,1,1,1,1,1,1,1,1,1,1,1,1,1,
CEJ0109,1,1,1,1,1,1,1,1,1,1,1,1,1,1,1,1,0,0,
JCW0858,1,1,1,1,1,1,1,1,1,1,1,1,1,1,1,1,1,1,
DFR0218,1,1,1,1,1,1,1,1,1,1,1,1,1,1,1,1,1,1,
BAL0044,1,1,1,1,1,1,1,1,1,1,1,1,1,1,1,1,1,1,
ASS0206,1,1,1,1,1,1,1,1,1,1,1,1,1,1,1,1,1,1,
IUB0565,1,1,1,1,1,1,1,1,1,1,1,1,0,0,0,0,0,0,
ASG0048,1,1,1,1,1,1,1,1,1,1,1,1,1,1,1,1,1,1,
TET0621,1,1,1,1,1,1,1,1,1,1,1,1,1,1,1,1,1,1,
ARA0252,1,1,1,1,1,1,1,1,1,1,1,1,1,1,1,1,1,1,
AMR0318,1,1,1,1,1,1,1,1,1,1,1,1,1,1,1,1,1,1,
WTF0387,1,1,1,1,1,1,1,1,1,1,1,1,1,1,1,1,1,1,
AJL0462,1,1,1,1,1,1,1,1,1,1,1,1,1,1,1,1,1,1,
SDF0017,1,1,1,1,1,1,1,1,1,1,1,1,1,1,1,1,1,1,
RDM0150,1,1,1,1,1,1,1,1,1,1,1,1,1,1,1,1,1,1,
HKF0831,1,1,1,1,1,1,1,1,1,1,1,1,1,1,1,1,1,1,
DGF0443,1,1,1,1,1,1,1,1,1,1,1,1,1,1,1,1,1,1,
CAB0614,1,1,1,1,1,1,1,1,1,1,1,1,1,1,1,1,1,1,
DBG0261,1,1,1,1,1,1,1,1,1,1,1,1,1,1,1,1,1,1,
ZDW0859,1,1,1,1,1,1,1,1,1,1,1,1,1,1,1,1,1,1,
UCH0519,1,1,1,1,1,1,1,1,1,1,1,1,1,1,0,0,0,0,
CAC0889,1,1,1,0,0,0,0,0,0,0,0,0,0,0,0,0,0,0,
EHD0584,1,1,1,1,1,1,1,1,1,1,0,0,0,0,0,0,0,0,
OLB0749,1,1,1,1,1,0,0,0,0,0,0,0,0,0,0,0,0,0,
BWH0813,1,1,1,1,1,1,1,1,1,1,1,1,1,1,1,1,1,1,
DMG0358,1,1,1,1,1,1,1,1,1,1,1,1,1,1,1,1,1,1,
MAE0331,1,1,1,1,1,1,1,1,1,1,1,1,1,1,1,1,1,1,
AMD0077,1,1,1,1,1,1,1,1,1,1,1,1,1,1,1,1,1,1,
XLB0710,1,1,1,1,1,1,1,1,1,1,1,1,1,1,1,1,1,1,
DAG0558,1,1,1,1,1,1,1,1,1,1,1,1,1,1,1,1,1,1,
WLV0566,1,1,1,1,1,1,1,1,1,1,1,1,1,1,1,1,1,1,
EHB0824,1,1,1,1,1,1,1,1,0,0,0,0,0,0,0,0,0,0,
FBW0747,1,1,1,1,1,1,1,1,1,1,1,1,1,1,1,1,1,1,
SNC0187,1,1,1,1,1,1,1,1,1,1,1,1,1,1,1,0,0,0,
IBB0359,1,1,1,1,1,1,1,1,1,1,1,1,1,1,1,1,1,1,
RAM0447,1,1,1,1,1,1,1,1,1,1,1,1,1,1,1,1,1,1,
AJD0074,1,1,1,1,1,1,1,1,1,1,1,1,1,1,1,1,1,1,
MSH0040,1,1,1,1,1,1,1,1,1,1,1,1,1,0,0,0,0,0,
QJR0688,1,1,1,1,1,1,1,1,1,1,1,1,1,1,1,1,1,1,
HTF0641,1,1,1,1,1,1,1,1,1,1,1,1,1,1,1,1,1,1,
RDT0424,1,1,1,1,1,1,1,1,1,1,1,1,1,1,1,1,1,1,
XRS0633,1,1,1,1,1,1,1,1,1,1,1,1,1,1,1,1,1,1,
RLG0856,1,1,1,1,1,1,1,1,1,1,1,1,1,1,1,1,1,1,
MLD0755,1,1,1,1,1,1,1,1,1,1,1,1,1,1,1,1,1,1,
MOS0047,1,1,1,1,1,1,1,1,1,0,0,0,0,0,0,0,0,0,
ETR0177,1,1,1,1,1,1,1,1,1,1,1,1,1,1,1,1,1,1,
RYB0718,1,1,1,1,1,1,1,1,1,1,1,1,1,1,1,1,1,1,
AAE0190,1,1,1,1,1,1,1,1,1,1,1,1,1,1,1,1,1,1,
NAF0033,1,1,1,1,1,1,1,1,1,1,1,1,1,1,1,1,1,0,
DVM0265,1,1,1,1,1,1,1,1,1,1,1,1,1,1,1,1,1,1,
JFC0757,1,1,1,1,1,1,1,1,1,1,1,1,1,1,1,1,1,1,
AOB0019,1,1,1,1,1,1,1,1,1,1,1,1,1,1,1,1,1,1,
AIP0394,1,1,1,1,1,1,1,1,1,1,1,1,1,1,1,1,1,1,
JJB0127,1,1,1,1,1,1,1,1,1,1,1,1,1,1,1,1,1,1,
MCS0035,1,1,1,1,1,1,1,1,1,1,1,1,1,1,1,1,1,1,
ABC0253,1,1,1,1,1,1,1,1,1,1,1,1,1,1,1,1,1,1,
TQS0212,1,1,1,1,1,1,1,1,1,1,1,1,1,1,1,1,1,1,
RSM0277,1,1,1,1,1,1,1,1,1,1,1,1,1,1,1,1,1,1,
JER0404,1,1,1,1,1,1,1,1,1,1,1,1,1,1,1,1,1,1,
CIG0052,1,1,1,1,1,1,1,1,1,1,1,1,1,1,1,1,1,1,
IIW0249,1,1,1,1,1,1,1,1,1,1,1,1,1,1,1,1,1,1,
HVF0067,1,1,1,1,1,1,1,1,1,1,1,1,1,1,1,1,1,1,
HWW0436,1,1,1,1,1,1,1,1,1,1,1,1,1,1,1,1,1,1,
PEV0323,1,1,1,1,1,1,1,1,1,1,1,1,1,1,1,1,1,1,
PGO0433,1,1,1,1,1,1,1,1,1,1,1,1,1,1,1,1,1,1,
MVB0515,1,1,1,1,1,1,1,1,1,1,1,1,1,1,1,1,1,1,
TJG0582,1,1,1,1,1,1,1,1,1,1,1,1,1,1,1,1,1,1,
SRH0155,1,1,1,1,1,1,1,1,1,1,1,1,1,1,1,1,1,1,
IJM0444,1,1,1,1,1,1,1,1,1,1,1,1,1,1,1,1,1,1,
CIM0271,1,1,1,1,1,1,1,1,1,1,1,1,1,1,1,1,1,1,
CSL0949,1,1,1,1,1,1,1,1,1,1,1,1,1,1,1,1,1,1,
AAN0823,1,1,1,1,1,1,1,1,1,1,1,1,1,1,1,1,1,1,
JGT0221,1,1,1,1,1,1,1,0,0,0,0,0,0,0,0,0,0,0,
AKH0758,1,1,1,1,1,1,1,1,1,1,1,1,1,1,1,1,1,1,
HSG0818,1,1,1,1,1,1,1,1,1,1,1,1,1,1,1,1,1,1,
MIL0255,1,1,1,1,1,1,1,1,1,1,1,1,1,1,1,1,1,1,
JGM0934,1,1,1,1,1,1,1,1,1,1,1,1,1,1,1,1,1,1,
KCO0122,1,1,1,1,1,1,1,1,1,1,1,1,1,1,1,1,1,1,
SGB0140,1,1,1,1,1,1,1,1,1,1,1,1,1,1,1,1,1,1,
NAF0326,1,1,1,1,1,1,1,1,1,1,1,1,1,1,1,1,1,1,
IUY0279,1,1,1,1,1,1,1,1,1,1,1,1,1,1,1,1,1,1,
EIM0156,1,1,1,1,1,1,1,1,1,1,1,1,1,1,1,1,1,1,
ABH0663,1,1,1,1,1,1,1,1,1,1,1,1,1,1,1,1,1,1,
EZT0640,1,1,1,1,1,1,1,1,1,1,1,1,1,1,1,1,1,1,
BAK0964,1,1,1,1,1,1,1,1,1,1,1,1,1,1,1,1,1,1,
JCC0225,1,1,1,1,1,1,1,1,1,1,1,1,1,1,1,1,1,1,
EMW0105,1,1,1,1,1,1,1,1,1,1,1,1,1,1,1,1,1,1,
KLH0596,1,1,1,1,1,1,1,1,1,1,1,1,1,1,0,0,0,0,
SJF0094,1,1,1,1,1,1,1,1,1,1,1,1,1,1,1,1,1,1,
CSJ0340,1,1,1,1,1,1,1,1,1,1,1,1,1,1,1,1,1,1,
RMW0542,1,1,1,1,1,1,1,1,0,0,0,0,0,0,0,0,0,0,
JHP0583,1,1,1,1,1,1,1,1,1,1,1,1,1,1,1,1,1,1,
HSD0457,1,1,1,1,1,1,1,1,1,1,1,1,1,1,1,1,1,1,
YWW0660,1,1,1,1,1,1,1,1,1,1,1,1,1,0,0,0,0,0,
PGC0066,1,1,1,1,1,1,1,1,1,1,1,1,1,1,1,1,1,1,
MSO0222,1,1,1,1,1,1,1,1,1,1,1,1,0,0,0,0,0,0,
WDV0573,1,1,1,1,1,1,1,1,1,1,1,1,1,1,1,1,1,1,
QRM0739,1,1,1,1,1,1,1,1,1,1,1,1,1,1,1,1,1,1,
ASS0517,1,1,1,1,1,1,1,1,1,1,1,1,1,1,1,1,1,1,
LUR0896,1,1,1,1,1,1,1,1,1,1,1,1,1,1,1,0,0,0,
ESH0283,1,1,1,1,1,1,1,1,1,1,1,1,1,1,1,1,1,1,
WBC0192,1,1,1,1,1,1,1,1,1,1,1,1,1,1,1,1,1,1,
PLH0715,1,1,1,1,1,1,1,1,1,1,1,1,1,1,1,1,1,1,
VSA0230,1,1,1,1,1,1,1,1,1,1,1,1,1,1,1,0,0,0,
KJG0910,1,1,1,1,1,1,1,1,1,1,1,1,1,1,1,1,1,1,
DBW0483,1,1,1,1,1,1,1,1,1,1,1,1,1,1,1,1,1,1,
KBC0054,1,1,1,1,1,1,1,1,1,1,1,1,1,1,1,1,1,1,
CSC0217,1,1,1,1,1,1,0,0,0,0,0,0,0,0,0,0,0,0,
BRS0734,1,1,1,1,1,0,0,0,0,0,0,0,0,0,0,0,0,0,
KNB0022,1,1,1,1,1,1,1,1,1,1,1,1,1,1,1,1,1,1,
PIS0522,1,1,1,1,1,1,1,1,1,1,1,1,1,1,1,1,1,1,
ADD0846,1,1,1,1,1,1,1,1,1,1,1,1,1,1,1,1,1,1,
MAD0496,1,1,1,1,1,0,0,0,0,0,0,0,0,0,0,0,0,0,
NKP0236,1,1,1,1,1,1,1,1,1,1,1,1,1,1,1,1,1,1,
VLB0647,1,1,1,1,1,1,1,1,1,1,1,1,1,1,1,1,1,1,
DKB0631,1,1,1,1,1,1,1,1,1,1,1,1,1,1,1,1,1,1,
KES0729,1,1,1,1,1,1,1,1,1,1,1,1,1,1,1,1,1,1,
IBB0696,1,1,1,1,1,1,1,1,1,1,1,1,1,1,1,1,1,1,
BLL0929,1,1,1,1,1,1,1,1,1,1,1,1,1,1,1,1,1,1,
ABC0174,1,1,1,1,1,1,1,1,1,1,1,1,0,0,0,0,0,0,
HAH0248,1,1,1,1,1,1,1,1,1,1,1,1,1,1,1,1,1,1,
NBC0412,1,1,1,1,1,1,1,1,1,1,1,1,1,1,1,1,1,1,
CRP0456,1,1,1,1,1,1,1,1,1,1,1,1,1,1,1,1,1,1,
JIG0128,1,1,1,1,1,1,1,1,1,1,1,1,1,1,1,1,1,1,
IJR0825,1,1,1,1,1,1,1,1,1,1,1,1,1,1,1,1,1,1,
XWD0923,1,1,1,1,1,1,1,1,1,1,1,1,0,0,0,0,0,0,
LDD0560,1,1,0,0,0,0,0,0,0,0,0,0,0,0,0,0,0,0,
ESH0135,1,1,1,1,1,1,1,1,1,1,1,1,1,1,1,1,1,1,
RHO0732,1,1,1,1,1,1,1,1,1,1,1,1,1,1,1,1,1,1,
DGW0752,1,1,1,1,1,1,1,1,1,1,1,1,1,1,1,1,1,1,
HPR0585,1,1,1,1,1,1,1,1,1,1,1,1,1,1,1,1,1,1,
TBT0461,1,1,1,1,1,1,1,1,1,1,1,1,1,1,1,1,1,1,
SAK0375,1,1,1,1,1,1,1,1,1,1,1,1,1,1,1,1,1,1,
BJH0811,1,1,1,1,1,1,1,1,1,1,1,1,1,1,1,1,1,1,
TVS0006,1,1,1,1,1,1,1,1,1,1,1,1,1,1,1,1,1,1,
FAW0032,1,1,1,1,1,1,1,1,1,1,1,1,1,1,1,1,1,1,
WSR0241,1,1,1,1,1,1,1,1,1,1,1,1,1,1,1,1,1,1,
LRW0970,1,1,1,1,1,1,1,1,1,1,1,1,1,1,1,1,1,1,
ZMC0284,1,1,1,1,1,1,1,1,1,1,1,1,1,1,1,1,1,1,
SAC0687,1,1,1,1,1,1,1,1,1,1,1,1,1,1,1,1,1,1,
CKB0427,1,1,1,1,1,1,1,1,1,1,1,1,1,1,1,1,1,1,
BTS0011,1,1,1,1,1,1,1,1,1,1,1,1,1,1,1,1,1,1,
IIA0092,1,1,1,1,1,1,1,1,1,1,1,1,1,1,1,1,1,1,
WKD0013,1,1,1,1,1,1,1,1,1,1,1,1,1,1,1,1,1,1,
JNJ0556,1,1,1,1,1,1,1,1,1,1,1,1,1,1,1,1,1,1,
TLH0648,1,1,1,1,1,1,1,1,1,1,1,1,1,1,1,1,1,1,
IBP0883,1,1,1,1,1,1,1,1,1,1,1,1,1,1,1,1,1,1,
WAS0254,1,1,1,1,1,1,1,1,1,1,1,1,1,1,1,1,1,1,
QNP0216,1,1,1,1,1,1,1,1,1,1,1,1,1,1,1,1,1,1,
KLM0639,1,1,1,1,1,1,1,1,1,1,1,1,1,1,1,1,1,1,
AIB0948,1,1,1,1,1,1,1,1,1,1,1,1,1,1,1,1,1,1,
RBB0485,1,1,1,1,1,1,1,1,1,1,1,1,1,1,1,1,1,1,
RZC0746,1,1,1,1,1,1,1,1,1,1,1,1,1,1,1,1,1,1,
MDM0976,1,1,1,1,1,1,1,1,1,1,1,1,1,1,1,1,1,1,
XBN0229,1,1,1,1,1,1,1,1,1,1,1,1,1,1,1,1,1,1,
SMH0291,1,1,1,1,1,1,1,1,1,1,1,1,1,1,1,1,1,1,
MCD0125,1,1,1,1,1,1,1,0,0,0,0,0,0,0,0,0,0,0,
MHG0244,1,1,1,1,1,1,1,1,1,1,1,1,1,1,1,1,1,1,
RAS0432,1,1,1,1,1,1,1,1,1,1,1,1,1,1,1,1,1,1,
EIP0997,1,1,1,1,1,1,1,1,1,1,1,1,1,1,1,1,1,1,
EMW0772,1,1,1,1,1,1,1,1,1,1,1,1,1,1,1,1,1,1,
SBQ0786,1,1,1,1,1,1,1,1,1,1,1,1,1,1,1,1,1,1,
PDH0716,1,1,1,1,1,1,1,1,1,1,1,1,1,1,1,1,1,1,
GZB0469,1,1,1,1,1,1,1,1,1,1,1,1,1,1,1,1,1,1,
NMB0972,1,1,1,1,1,1,1,1,1,1,1,1,1,1,1,1,1,1,
ONL0276,1,1,1,1,1,1,1,1,1,1,1,1,1,1,1,1,1,1,
MBJ0312,1,1,1,1,1,1,1,1,1,1,1,1,1,1,1,1,1,1,
DRR0242,1,1,1,1,1,1,1,1,1,1,1,1,1,1,1,1,1,1,
AJH0175,1,1,1,1,1,1,1,1,1,1,1,1,1,1,1,1,1,1,
LQP0508,1,1,1,1,1,1,1,1,1,1,1,1,1,1,1,1,1,1,
DVW0103,1,1,1,1,1,1,1,1,1,1,1,1,1,1,1,1,1,1,
SMB0804,1,1,1,1,1,1,1,1,1,1,1,1,1,1,1,1,1,1,
KBG0549,1,1,1,1,1,1,1,1,1,1,1,1,1,1,1,1,1,1,
BAH0875,1,1,1,1,1,1,1,1,1,1,1,1,1,1,1,1,1,1,
SLT0907,1,1,1,1,1,1,1,1,1,0,0,0,0,0,0,0,0,0,
JAV0361,1,1,1,1,1,1,1,1,1,1,1,1,1,1,1,1,1,1,
COM0321,1,1,1,1,1,1,1,1,1,1,1,1,1,1,1,1,1,1,
CCC0393,1,1,1,1,1,1,1,1,1,1,1,1,1,1,1,1,1,1,
QSV0778,1,1,1,1,1,1,1,1,1,1,1,1,1,1,1,1,1,1,
BMC0547,1,1,1,1,1,1,1,1,1,1,1,1,1,1,1,1,1,1,
AWM0764,1,1,1,1,1,1,1,1,1,1,1,1,1,1,1,1,1,1,
FXF0957,1,1,1,1,1,1,1,1,1,1,1,1,1,1,1,1,1,1,
SVS0871,1,1,1,1,1,1,1,1,1,1,1,1,1,1,1,1,1,1,
DJS0682,1,1,1,1,1,1,1,1,1,1,1,1,1,1,1,1,1,1,
NHE0919,1,1,1,1,1,1,1,1,1,1,1,1,1,1,1,1,1,1,
MPT0376,1,1,1,1,1,1,1,1,1,1,1,1,1,1,1,1,1,1,
AQD0820,1,1,1,1,1,1,1,1,1,1,1,1,1,1,1,1,1,1,
YEV0793,1,1,1,1,1,1,1,1,1,1,1,1,1,1,1,1,1,1,
ZCF0590,1,1,1,1,1,1,1,1,1,1,1,1,1,1,1,1,1,1,
KQC0708,1,1,1,1,1,1,1,1,1,1,1,1,1,1,1,1,1,1,
LJR0523,1,1,1,1,1,1,1,1,0,0,0,0,0,0,0,0,0,0,
CQH0701,1,1,1,1,1,1,1,1,1,1,1,1,1,1,1,1,1,1,
PDW0259,1,1,1,1,1,1,1,1,1,1,1,1,1,1,1,1,1,1,
FWM0707,1,1,1,1,1,1,1,1,1,1,1,1,1,1,1,1,1,1,
HDS0367,1,1,1,1,1,1,1,1,1,1,1,1,1,1,1,1,1,1,
JRH0455,1,1,1,0,0,0,0,0,0,0,0,0,0,0,0,0,0,0,
SER0165,1,1,1,1,1,1,1,1,1,1,1,1,1,1,1,1,1,1,
SBD0913,1,1,1,1,1,1,1,1,1,1,1,1,1,1,1,1,1,1,
JKF0465,1,1,1,1,1,1,1,1,1,1,1,1,1,1,1,1,1,1,
CFW0264,1,1,1,0,0,0,0,0,0,0,0,0,0,0,0,0,0,0,
BNR0965,1,1,1,1,1,1,1,1,1,1,1,1,1,1,1,1,1,1,
ASV0946,1,1,1,1,1,1,1,1,1,1,1,1,1,1,1,1,1,1,
KNG0672,1,1,1,1,1,1,1,1,1,1,1,1,1,1,1,0,0,0,
NNA0610,1,1,1,1,1,1,1,1,1,1,1,1,1,1,1,1,1,1,
KQS0415,1,1,1,1,1,1,1,1,1,1,1,1,1,1,1,1,1,1,
MHH0180,1,1,1,1,1,1,1,1,1,1,1,1,0,0,0,0,0,0,
EGD0132,1,1,1,1,1,1,1,1,1,0,0,0,0,0,0,0,0,0,
VTT0385,1,1,1,1,1,1,1,1,1,1,1,1,1,1,1,1,1,1,
ASG0692,1,1,1,1,1,1,1,1,1,1,1,1,1,1,1,1,1,1,
WPR0368,1,1,1,1,1,1,1,1,1,1,1,1,1,1,1,1,1,1,
HAV0121,1,1,1,1,1,1,1,1,1,1,1,1,1,1,1,1,1,1,
HCC0344,1,1,1,1,1,1,1,1,1,1,1,1,1,1,1,1,1,1,
UBF0645,1,1,1,1,1,1,1,1,1,1,1,1,1,1,1,1,1,1,
TSR0676,1,1,1,1,1,1,1,1,1,1,1,1,1,1,1,1,1,1,
NKH0979,1,1,1,1,1,1,1,1,1,1,1,1,1,1,1,1,1,1,
SXM0895,1,1,1,1,1,1,1,1,1,1,1,1,1,1,1,1,1,1,
KCS0173,1,1,1,1,1,1,1,1,1,1,1,1,1,1,1,1,1,1,
CCA0046,1,1,1,1,1,1,1,1,1,1,0,0,0,0,0,0,0,0,
PMV0850,1,1,1,1,1,1,1,1,1,1,1,1,1,1,1,1,1,1,
PKB0281,1,1,1,1,1,1,1,1,1,1,1,1,1,1,1,1,1,1,
MIC0726,1,1,1,1,1,1,1,1,1,1,1,1,1,1,1,1,1,1,
SDO0170,1,1,1,1,1,1,1,1,1,1,1,1,1,1,1,1,1,1,
VAA0087,1,1,1,1,1,1,1,1,1,1,1,1,1,1,1,1,1,1,
ELB0847,1,1,1,1,1,1,1,1,1,1,1,1,1,1,1,1,1,1,
SBK0161,1,1,1,1,1,1,1,1,1,1,1,1,1,1,1,1,1,1,
ASL0378,1,1,1,1,1,1,1,1,1,1,1,1,1,1,1,1,1,1,
TLM0797,1,1,1,1,1,1,1,1,1,1,1,1,1,1,1,1,1,1,
SOF0808,1,1,1,1,1,1,1,1,1,1,1,1,1,1,1,1,1,1,
SGM0021,1,1,1,1,1,1,1,1,1,1,1,1,1,1,1,1,1,1,
MYD0978,1,1,1,1,1,1,1,1,1,1,1,1,1,0,0,0,0,0,
FBA0348,1,1,1,1,1,1,1,1,1,1,1,1,1,1,1,1,1,1,
ARL0034,1,1,1,1,1,1,1,1,1,1,1,1,1,1,1,1,1,1,
YJF0532,1,1,1,1,1,1,1,1,1,1,1,1,1,1,1,1,1,1,
RJM0381,1,1,1,1,1,1,1,1,1,1,1,1,1,1,1,1,1,1,
VSS0154,1,1,1,1,1,1,1,1,1,1,1,0,0,0,0,0,0,0,
JMW0638,1,1,1,1,1,1,1,1,1,1,1,1,1,1,1,1,1,1,
IKR0401,1,1,1,1,1,1,1,1,1,1,1,1,1,1,0,0,0,0,
EMS0317,1,1,1,1,1,1,1,1,1,1,1,1,1,1,1,1,1,1,
FTM0406,1,1,1,1,1,1,1,1,1,1,1,1,0,0,0,0,0,0,
RAR0725,1,1,1,1,1,1,1,1,1,0,0,0,0,0,0,0,0,0,
MNS0224,1,1,1,1,1,1,1,1,1,1,1,1,1,1,1,1,1,1,
WVB0539,1,1,1,1,1,1,1,1,1,1,1,1,1,1,1,1,1,1,
SSG0250,1,1,1,1,1,1,1,1,1,1,1,1,1,1,1,1,1,1,
MLM0950,1,1,1,1,1,1,1,1,1,1,1,1,1,1,1,1,1,1,
HPH0075,1,1,1,1,1,1,1,1,1,1,1,1,1,1,1,1,1,1,
VMJ0546,1,1,1,1,1,1,1,1,1,1,1,1,1,1,1,1,1,1,
NLO0131,1,1,1,1,1,1,1,1,1,1,1,1,1,1,1,1,1,1,
PES0085,1,1,1,1,1,1,1,1,1,1,1,1,1,1,1,1,1,1,
OHC0973,1,1,1,1,1,1,1,1,1,1,1,1,1,1,1,1,1,1,
NMF0780,1,1,1,1,1,1,1,1,1,1,1,1,1,1,1,1,1,1,
LEM0605,1,1,1,1,1,1,1,1,1,1,1,1,1,1,1,1,1,1,
BEC0505,1,1,1,1,1,1,1,1,1,1,1,1,1,1,1,1,1,1,
OLF0504,1,1,1,1,1,1,1,1,1,1,1,1,1,1,1,1,1,1,
KVS0425,1,1,1,1,1,1,1,1,1,1,1,1,1,1,1,1,1,1,
AJR0319,1,1,1,1,1,1,1,1,1,1,1,1,1,1,1,1,1,1,
DLS0383,1,1,1,1,1,1,1,1,1,1,1,1,1,1,1,1,1,1,
BCR0581,1,1,1,1,1,1,1,1,1,1,1,1,1,1,1,1,1,1,
LDB0090,1,1,1,1,1,1,1,1,1,1,1,1,1,1,1,1,1,1,
GAF0570,1,1,1,1,1,1,1,1,1,1,1,1,1,1,1,1,1,1,
NNS0059,1,1,1,1,1,1,1,1,1,1,1,1,1,1,1,1,1,1,
JRL0574,1,1,1,1,1,1,1,1,1,1,1,1,1,1,1,1,1,1,
NSS0876,1,1,1,1,1,1,1,1,1,1,1,1,1,1,1,1,1,1,
SOB0586,1,1,1,1,1,1,1,1,1,1,1,1,1,1,1,1,1,1,
DDA0476,1,1,1,1,1,1,1,1,1,1,1,1,1,1,1,1,1,1,
DEB0782,1,1,1,1,1,1,1,1,1,1,1,1,1,1,1,1,1,1,
OLW0689,1,1,1,1,1,1,1,1,1,1,1,1,1,1,1,1,1,1,
MMG0943,1,1,1,1,1,1,1,1,1,1,1,1,1,1,1,1,1,1,
RNL0695,1,1,1,1,1,1,1,1,1,1,1,1,1,1,1,1,1,1,
LNR0656,1,1,1,1,1,1,1,1,1,1,1,1,1,1,1,1,1,1,
AMJ0297,1,1,1,1,1,1,1,1,1,1,1,1,1,1,1,1,1,1,
HRL0540,1,1,1,1,1,1,1,1,1,1,1,1,1,1,1,1,1,1,
DLF0377,1,1,1,1,1,1,1,1,1,1,1,1,1,1,1,1,1,1,
MVH0373,1,1,1,1,0,0,0,0,0,0,0,0,0,0,0,0,0,0,
TPH0474,1,1,1,1,1,1,1,1,1,1,1,1,1,1,1,1,1,1,
KCF0045,1,1,1,1,1,1,1,1,1,1,1,1,1,1,1,1,1,1,
BIS0247,1,1,1,1,1,1,1,1,1,1,1,1,1,1,1,1,1,1,
MSS0001,1,1,1,1,1,1,1,1,1,1,1,1,1,1,1,1,1,1,
EFS0882,1,1,1,1,1,1,1,1,1,1,1,1,1,1,1,1,1,1,
NWK0215,1,1,1,1,1,1,1,1,1,1,1,1,1,1,1,1,1,1,
PNL0301,1,1,1,1,1,1,1,1,0,0,0,0,0,0,0,0,0,0,
CSH0626,1,1,1,1,1,1,1,1,1,1,1,1,1,1,1,1,1,1,
BHW0458,1,1,1,1,1,1,1,1,1,1,1,1,1,1,1,1,1,1,
SSH0799,1,1,1,1,1,1,1,1,1,1,1,1,1,1,1,1,1,1,
ANM0123,1,1,0,0,0,0,0,0,0,0,0,0,0,0,0,0,0,0,
CAS0507,1,1,1,1,1,1,1,1,1,1,1,1,1,1,1,1,1,1,
DID0650,1,1,1,1,1,1,1,1,1,1,1,1,1,1,1,1,1,1,
KAT0270,1,1,1,1,1,1,1,1,1,1,1,1,1,1,1,1,1,1,
TEM0977,1,1,1,1,1,1,1,1,1,1,1,1,1,1,1,1,1,1,
SHR0334,1,1,1,1,1,1,1,1,1,1,1,1,1,1,1,1,1,1,
JDC0030,1,1,1,1,1,1,1,1,1,1,1,1,1,1,1,1,1,1,
CKP0721,1,1,1,1,1,1,1,1,1,1,1,1,1,1,1,1,1,1,
HIA0414,1,1,1,1,1,1,1,1,1,1,1,1,1,1,1,1,1,1,
HSP0290,1,1,1,1,1,1,1,1,1,1,1,1,1,1,1,1,1,1,
HRW0550,1,1,1,1,1,1,1,1,1,1,1,1,1,1,1,1,1,1,
KBB0189,1,1,1,1,1,1,1,1,1,1,1,1,1,1,1,1,1,1,
CBB0365,1,1,1,1,1,1,1,1,1,1,1,1,1,1,1,1,1,1,
DLH0029,1,1,1,1,1,1,1,1,1,1,1,1,1,1,1,1,1,1,
NRO0768,1,1,1,1,1,1,1,1,1,1,1,1,1,1,1,1,0,0,
NWT0098,1,1,1,1,1,1,1,1,1,1,1,1,1,1,1,1,0,0,
QPM0727,1,1,1,1,1,1,1,1,1,1,1,1,1,1,1,1,1,1,
KVT0028,1,1,1,1,1,1,1,1,1,1,1,1,1,1,1,1,1,1,
LFS0071,1,1,1,1,1,1,1,1,1,1,1,1,1,1,1,1,1,1,
WNB0908,1,1,1,1,1,1,1,1,1,1,1,1,1,1,1,1,1,1,
PAD0773,1,1,1,1,1,1,1,1,1,1,1,1,1,1,1,1,1,1,
BJH0354,1,1,1,1,1,1,1,1,1,1,1,1,1,1,1,1,1,1,
ONW0083,1,1,1,1,1,1,1,1,1,1,1,1,1,1,1,1,1,1,
SSJ0784,1,1,1,1,1,1,1,1,1,1,1,1,1,1,1,1,1,1,
KJP0371,1,1,1,1,1,1,1,1,1,1,1,1,1,1,1,1,1,1,
IMB0481,1,1,1,1,1,1,1,1,1,1,1,1,1,1,1,1,1,1,
BQS0525,1,1,0,0,0,0,0,0,0,0,0,0,0,0,0,0,0,0,
BTR0403,1,1,1,1,1,1,1,1,1,1,1,1,1,1,1,1,1,1,
DLM0051,1,1,1,1,1,1,1,1,1,1,1,1,1,1,1,1,1,1,
AHM0410,1,1,1,1,1,1,1,1,1,1,1,1,1,1,1,1,1,1,
CHM0821,1,1,1,1,1,1,1,1,1,1,1,1,1,1,1,1,1,1,
JBM0350,1,1,1,1,1,1,1,1,1,1,1,1,1,1,1,1,1,1,
JRG0207,1,1,1,1,1,1,1,1,1,1,1,1,1,1,0,0,0,0,
PLH0862,1,1,1,1,1,1,1,1,1,1,1,1,1,1,1,1,1,1,
RCP0785,1,1,1,1,1,1,1,1,1,1,1,1,1,1,1,1,1,1,
NSC0597,1,1,1,1,1,1,1,1,1,1,1,1,1,1,1,1,1,1,
AVM0947,1,1,1,1,1,1,1,1,1,1,1,1,1,1,1,1,1,1,
MSZ0310,1,1,1,1,1,1,1,1,1,1,1,1,1,1,1,1,1,1,
SDB0106,1,1,1,1,1,1,1,1,1,1,1,1,1,1,1,1,1,1,
HAC0282,1,1,1,1,1,1,1,1,1,1,1,1,1,1,1,1,1,1,
HSB0196,1,1,1,1,1,1,1,1,1,1,1,1,1,1,1,1,1,1,
ASB0796,1,1,1,1,1,1,1,1,1,1,1,1,1,0,0,0,0,0,
WRM0963,1,1,1,1,1,1,1,1,1,0,0,0,0,0,0,0,0,0,
BRM0995,1,1,1,1,1,1,1,1,1,1,1,1,1,1,1,1,1,1,
SES0477,1,1,1,1,1,1,1,1,1,1,1,1,1,1,1,1,1,1,
JTM0223,1,1,1,1,1,1,1,0,0,0,0,0,0,0,0,0,0,0,
RNF0765,1,1,1,1,1,1,1,1,1,1,1,1,1,1,1,1,1,1,
GNZ0953,1,1,1,1,1,1,1,1,1,1,1,1,1,1,1,1,1,1,
HRB0351,1,1,1,1,1,1,1,1,1,1,1,1,1,1,1,1,1,1,
ZSB0649,1,1,1,1,1,1,1,1,1,1,1,1,1,1,1,1,1,1,
ADC0391,1,1,1,1,1,1,1,1,1,1,1,1,1,1,1,1,1,1,
PMC0328,1,1,1,1,1,1,1,1,1,1,1,1,1,1,1,1,1,1,
ILJ0526,1,1,1,1,1,1,1,1,1,1,1,1,1,1,1,1,1,1,
ANT0430,1,1,1,1,1,1,1,1,1,1,1,1,1,1,1,1,1,1,
DFH0188,1,1,1,1,1,1,1,1,1,1,1,1,1,1,1,1,1,1,
LLV0602,1,1,1,1,1,1,1,1,1,1,1,1,1,1,1,1,1,1,
GCR0554,1,1,1,1,1,1,1,1,1,1,1,1,1,1,1,1,1,1,
SJO0209,1,1,1,1,1,1,1,1,1,1,1,1,1,1,1,1,1,1,
NGC0058,1,1,1,1,1,1,1,1,1,1,1,1,1,1,1,1,1,1,
YIC0195,1,1,1,1,1,1,1,1,1,1,1,1,1,1,0,0,0,0,
EDB0714,1,1,1,1,1,1,1,1,1,1,1,1,0,0,0,0,0,0,
LHL0309,1,1,1,1,1,1,1,1,1,1,1,1,1,1,1,1,1,1,
HFB0347,1,1,1,1,1,1,1,1,1,1,1,1,1,0,0,0,0,0,
EJW0884,1,1,1,1,1,1,1,1,1,1,1,1,1,1,1,1,1,1,
CRO0027,1,1,1,1,1,1,1,1,1,1,1,1,1,1,1,1,1,1,
HKR0628,1,1,1,1,1,1,1,1,1,1,1,1,1,1,1,1,1,1,
GTD0116,1,1,1,1,1,1,1,1,1,1,1,1,1,1,1,1,1,1,
DSB0731,1,1,1,1,1,1,1,1,1,1,1,1,1,1,1,1,1,1,
COF0120,1,1,1,1,1,1,1,1,1,1,1,1,1,0,0,0,0,0,
HDJ0446,1,1,1,1,1,1,1,1,1,1,1,1,1,1,1,1,1,1,
CHG0146,1,1,1,1,1,1,1,1,1,1,1,1,1,1,1,1,1,1,
AIH0675,1,1,1,1,1,1,1,1,1,1,1,1,1,1,1,1,1,1,
TNM0961,1,1,1,1,1,1,1,1,1,1,1,1,0,0,0,0,0,0,
APG0307,1,1,1,1,1,1,1,1,1,1,1,1,1,1,1,1,1,1,
RHC0335,1,1,1,1,1,1,1,1,1,1,1,1,1,1,1,1,1,1,
CQW0652,1,1,1,1,1,1,1,1,1,1,1,1,1,1,1,1,0,0,
HJS0072,1,1,0,0,0,0,0,0,0,0,0,0,0,0,0,0,0,0,
XHW0498,1,1,1,1,1,1,1,1,1,1,0,0,0,0,0,0,0,0,
IJW0851,1,1,1,1,1,1,1,1,1,1,1,1,1,1,1,1,1,1,
NAR0981,1,1,1,1,1,1,1,1,1,1,1,1,1,1,1,1,1,1,
NUL0471,1,1,1,1,1,1,1,1,1,1,1,1,1,1,1,1,1,1,
DIB0081,1,1,1,1,1,1,1,1,0,0,0,0,0,0,0,0,0,0,
BSS0369,1,1,1,1,1,1,1,1,1,1,0,0,0,0,0,0,0,0,
MIB0904,1,1,1,1,1,1,1,1,1,1,1,1,1,1,1,1,1,1,
AAF0535,1,1,1,1,1,1,1,1,0,0,0,0,0,0,0,0,0,0,
HBB0056,1,1,1,1,1,1,1,1,1,1,1,1,1,1,1,1,1,1,
MCJ0324,1,1,1,1,1,1,1,1,1,1,1,1,1,1,1,1,1,1,
HDH0928,1,1,1,1,1,1,1,1,1,1,1,1,1,1,1,1,1,1,
HXL0968,1,1,1,1,1,1,1,1,1,1,0,0,0,0,0,0,0,0,
MOH0273,1,1,1,1,1,1,1,1,1,1,1,1,1,1,1,1,1,1,
KNW0644,1,1,1,1,1,1,1,1,1,1,1,1,1,1,1,1,1,1,
CGA0629,1,1,1,1,1,1,1,1,1,1,1,1,1,1,1,1,1,1,
NMS0280,1,1,1,1,1,1,1,1,1,1,1,1,1,1,1,1,1,1,
THD0448,1,1,1,1,1,1,1,1,1,1,1,1,1,1,1,1,1,1,
SPA0141,1,1,1,1,1,1,1,1,1,1,1,1,1,1,1,1,1,1,
LPC0492,1,1,1,1,1,1,1,1,1,1,1,1,1,1,1,1,1,1,
BTN0061,1,1,1,1,1,1,1,1,1,1,1,1,1,1,1,1,1,1,
HGH0595,1,1,1,1,1,1,1,1,1,1,1,1,1,1,1,1,1,1,
BAM0611,1,1,1,1,1,1,1,1,1,1,1,1,1,1,1,1,1,1,
KKC0683,1,1,1,1,1,1,1,1,1,1,1,1,1,1,1,1,1,1,
BBS0422,1,1,1,1,1,1,1,1,1,1,1,1,1,1,1,1,1,1,
HDL0748,1,1,1,1,1,1,1,1,1,1,1,1,1,1,1,1,1,1,
NRD0548,1,1,1,1,1,1,1,1,1,1,1,1,1,1,1,0,0,0,
DCC0160,1,1,1,1,1,1,1,1,1,1,1,1,1,1,1,1,1,1,
MES0407,1,1,1,1,1,1,1,1,1,1,1,1,1,1,1,1,1,1,
LMF0980,1,1,1,1,1,1,1,1,1,1,1,1,1,1,1,1,1,1,
BMM0112,1,1,1,1,1,1,1,1,1,1,1,1,1,1,1,1,1,1,
LTS0860,1,1,1,1,1,1,1,1,1,1,1,1,1,1,1,1,1,1,
AOK0844,1,1,1,1,1,1,1,1,1,1,1,1,1,0,0,0,0,0,
ESJ0670,1,1,1,1,1,1,1,1,1,1,1,1,1,1,1,1,1,1,
AAF0791,1,1,1,1,1,1,1,1,1,1,1,1,1,1,1,1,1,1,
KRL0501,1,1,1,1,1,1,1,1,1,1,1,1,1,0,0,0,0,0,
SAC0592,1,1,1,1,1,1,1,1,1,1,1,1,1,1,1,1,1,1,
UCS0227,1,1,1,1,1,1,1,1,1,1,1,1,1,1,1,1,1,1,
JCR0770,1,1,1,1,1,1,1,1,1,1,1,1,1,1,1,1,1,1,
ICS0956,1,1,1,1,1,1,1,1,1,1,1,1,0,0,0,0,0,0,
MKW0441,1,1,1,1,1,1,1,1,1,1,1,1,1,1,1,1,1,1,
TSM0927,1,1,1,1,1,1,1,1,1,1,1,1,1,1,1,1,1,1,
OJK0233,1,1,1,1,1,1,1,1,1,1,1,1,1,1,1,1,1,1,
SMW0084,1,1,1,1,1,1,1,1,1,1,1,1,1,1,1,1,1,1,
BEH0615,1,1,1,1,1,1,1,1,1,1,1,1,1,1,1,1,1,1,
ADF0397,1,1,1,1,1,1,1,1,1,1,1,1,1,1,1,1,1,1,
NJC0705,1,1,1,1,1,1,1,1,1,1,1,1,1,1,1,1,1,1,
BYP0070,1,1,1,1,1,1,1,1,1,1,1,1,0,0,0,0,0,0,
JMD0520,1,1,1,1,1,1,1,1,1,1,1,1,1,1,1,1,1,1,
LAF0991,1,1,1,1,1,1,1,1,1,1,1,1,1,1,1,1,1,1,
KBS0874,1,1,1,1,1,1,1,1,1,1,1,1,1,1,1,1,1,1,
GHH0288,1,1,1,1,1,1,1,1,1,1,1,1,1,1,1,1,1,1,
TAC0300,1,1,1,1,1,1,1,1,1,1,1,1,1,1,1,1,1,1,
JAJ0849,1,1,1,1,1,1,1,1,1,1,1,1,1,1,1,1,1,1,
NOB0181,1,1,1,1,1,1,1,1,1,1,1,1,1,1,1,1,1,1,
DTP0379,1,1,1,1,1,1,1,1,1,1,1,1,1,1,1,1,1,1,
CJM0138,1,1,1,1,1,1,1,1,1,1,1,1,1,1,1,1,1,1,
FHS0837,1,1,1,1,1,1,1,1,1,1,1,1,1,1,1,1,1,1,
CAA0612,1,1,1,1,1,1,1,1,1,1,1,1,1,1,1,1,1,1,
ELT0769,1,1,1,1,1,1,1,1,1,1,1,1,1,1,1,1,1,1,
KJW0416,1,1,1,1,1,1,1,1,1,1,1,1,1,1,1,1,1,1,
CTR0341,1,1,1,1,1,1,1,1,1,1,1,1,1,1,1,1,1,1,
DIC0988,1,1,1,1,1,1,1,1,1,1,1,1,1,1,1,1,1,1,
JJH0292,1,1,1,1,1,1,1,1,1,1,1,1,1,1,1,1,1,1,
MJS0890,1,1,1,1,1,1,1,1,1,1,1,1,1,1,1,1,1,1,
TOR0193,1,1,1,1,1,1,1,1,1,1,1,1,1,1,1,1,1,1,
SCB0534,1,1,1,1,1,1,1,1,1,1,1,1,1,1,1,1,1,1,
MDH0686,1,1,1,1,1,1,1,1,1,1,1,1,1,1,1,1,1,1,
JOM0750,1,1,1,1,1,1,1,1,1,1,1,1,1,1,1,1,1,1,
BRB0355,1,1,1,1,1,1,1,1,1,1,1,1,1,1,1,1,1,1,
MJM0510,1,1,1,1,1,1,1,1,1,1,1,1,1,1,1,1,1,1,
KJM0887,1,1,1,1,1,1,1,1,1,1,1,1,1,1,1,1,1,1,
CBG0398,1,1,1,1,1,1,1,1,1,1,1,1,1,1,1,1,1,1,
RRC0553,1,1,1,0,0,0,0,0,0,0,0,0,0,0,0,0,0,0,
TDS0984,1,1,1,1,1,1,1,1,1,1,1,1,1,1,1,1,1,1,
LRR0148,1,1,1,1,1,1,1,1,1,1,1,1,1,1,1,1,1,1,
ARB0834,1,1,1,1,1,1,1,1,1,1,0,0,0,0,0,0,0,0,
KPC0073,1,1,1,1,1,1,1,1,0,0,0,0,0,0,0,0,0,0,
CLB0774,1,1,1,1,1,1,1,1,1,1,1,1,1,1,1,1,1,1,
VEB0935,1,1,1,1,1,1,1,1,1,1,1,1,1,1,1,1,1,1,
MCT0720,1,1,1,1,1,1,1,1,1,1,1,1,1,1,1,1,1,1,
JDF0593,1,1,1,1,1,1,1,1,1,1,1,1,1,1,1,1,1,1,
CJG0470,1,1,1,1,1,1,1,1,1,1,1,1,1,1,1,1,1,1,
RGG0064,1,1,1,1,1,1,1,1,1,1,1,0,0,0,0,0,0,0,
BXJ0010,1,1,1,1,1,1,1,1,1,1,1,1,1,1,1,1,1,1,
WBC0315,1,1,1,1,1,1,1,1,1,1,1,1,1,1,1,1,1,1,
CGB0637,1,1,1,1,1,1,1,1,1,1,1,1,1,1,1,1,1,1,
CAN0842,1,1,1,1,1,1,1,1,1,1,1,1,1,1,1,1,1,1,
HTH0007,1,1,1,1,1,1,1,1,1,1,1,1,1,1,1,1,1,1,
BJM0111,1,1,1,1,1,1,1,1,1,1,1,1,1,1,1,1,1,1,
MAW0166,1,1,1,1,1,1,1,1,1,1,1,1,1,1,1,1,1,1,
PPF0435,1,1,1,1,1,1,1,1,1,1,1,1,1,1,0,0,0,0,
SEJ0677,1,1,1,1,1,1,1,1,1,0,0,0,0,0,0,0,0,0,
ACV0812,1,1,1,1,1,1,1,1,1,1,1,1,1,1,1,1,1,1,
KWE0082,1,1,1,1,1,1,1,1,1,1,1,1,1,1,1,1,1,1,
ECL0930,1,1,1,1,1,1,1,1,1,1,1,1,1,1,1,1,1,1,
RHP0484,1,1,1,1,1,1,1,1,1,1,1,1,1,1,1,1,1,1,
BAM0636,1,1,1,1,1,1,1,1,1,1,1,1,1,1,1,1,1,1,
DDM0579,1,1,1,1,1,1,1,1,1,1,1,1,1,1,1,1,1,1,
UIR0043,1,1,1,1,1,1,1,1,1,1,1,1,1,1,1,1,1,1,
JCR0172,1,1,1,1,1,1,1,1,1,1,1,1,1,1,1,1,1,1,
ATE0869,1,1,1,1,1,1,1,1,1,1,1,1,1,1,1,1,1,1,
IBS0836,1,1,1,1,1,1,1,1,1,1,1,1,1,1,1,1,1,1,
DTT0076,1,1,1,1,1,1,1,1,1,1,1,1,1,1,1,1,1,1,
PRM0740,1,1,1,1,1,1,1,1,1,1,1,1,1,1,1,1,1,1,
FGW0853,1,1,1,1,1,1,1,1,1,1,1,1,1,1,1,1,1,1,
JSH0330,1,1,1,1,1,1,1,1,1,1,1,1,1,1,1,1,1,1,
FSB0399,1,1,1,1,1,1,1,1,1,1,1,1,1,1,1,1,0,0,
